fca_sym,FBgn,fa_sym
A16,FBgn0028965,CG9933
ACXA,FBgn0040510,ACXA
ACXB,FBgn0040509,ACXB
ACXC,FBgn0040508,ACXC
ACXE,FBgn0040506,ACXE
AIF,FBgn0031392,AIF
APP-BP1,FBgn0261112,APP-BP1
ARY,FBgn0058064,ARY
ATP7,FBgn0030343,ATP7
ATPsynCF6L,FBgn0035585,ATPsynCF6L
ATPsynGL,FBgn0031941,ATPsynGL
ATPsynbetaL,FBgn0036568,ATPsynβL
ATPsynepsilonL,FBgn0051477,ATPsynεL
Ack,FBgn0028484,Ack
Actn3,FBgn0015008,Actn3
Acyp,FBgn0025115,Acyp
Acyp2,FBgn0038363,Acyp2
Ada,FBgn0037661,Ada
Adck5,FBgn0036142,Adck5
Adgf-A2,FBgn0043025,Adgf-A2
Adgf-B,FBgn0036751,Adgf-B
Adgf-E,FBgn0033952,Adgf-E
Adk1,FBgn0037995,Adk1
Afti,FBgn0038223,Afti
Agpat2,FBgn0026718,Agpat2
Ald2,FBgn0039425,Ald2
Alp11,FBgn0030661,Alp11
Alr,FBgn0031068,Alr
Andorra,FBgn0030898,Andorra
Ant2,FBgn0025111,Ant2
Apl,FBgn0042178,Apl
Arl2,FBgn0004908,Arl2
Arl6IP1,FBgn0038453,Arl6IP1
Arp5,FBgn0038576,Arp5
Arp53D,FBgn0011743,Arp53D
Art2,FBgn0031592,Art2
Art6,FBgn0038189,Art6
Art9,FBgn0038188,Art9
Atf-2,FBgn0265193,Atf-2
Atg16,FBgn0039705,Atg16
Atg8b,FBgn0038539,Atg8b
Atx-1,FBgn0029907,Atx-1
Atxn7,FBgn0031420,Atxn7
B-H2,FBgn0004854,B-H2
B9d1,FBgn0038342,B9d1
BBS1,FBgn0035741,BBS1
BI-1,FBgn0035871,BI-1
BOD1,FBgn0039560,BOD1
BORCS6,FBgn0035140,BORCS6
BTBD9,FBgn0030228,BTBD9
Best3,FBgn0036492,Best3
Best4,FBgn0036491,Best4
Blm,FBgn0002906,Blm
Bub1,FBgn0031696,Bub1
Bug22,FBgn0032248,Bug22
CAH13,FBgn0033542,CAH13
CAH14,FBgn0034554,CAH14
CAH15,FBgn0034560,CAH15
CAH4,FBgn0039235,CAH4
CAH5,FBgn0040629,CAH5
CCY,FBgn0267592,CCY
CG10013,FBgn0038012,CG10013
CG10053,FBgn0037490,CG10053
CG10055,FBgn0037482,CG10055
CG10063,FBgn0035727,CG10063
CG10064,FBgn0035724,CG10064
CG10089,FBgn0036369,CG10089
CG10104,FBgn0033933,CG10104
CG10126,FBgn0038088,CG10126
CG10151,FBgn0033960,CG10151
CG10164,FBgn0039088,CG10164
CG10171,FBgn0036353,CG10171
CG10177,FBgn0039083,CG10177
CG10252,FBgn0039104,CG10252
CG10254,FBgn0027512,CG10254
CG10265,FBgn0033990,CG10265
CG10268,FBgn0032811,Pmvk
CG10298,FBgn0037432,CG10298
CG10307,FBgn0034655,CG10307
CG10317,FBgn0038423,CG10317
CG10343,FBgn0032703,CG10343
CG10344,FBgn0034729,CG10344
CG10347,FBgn0030342,CG10347
CG10348,FBgn0032707,CG10348
CG10365,FBgn0039109,CG10365
CG10366,FBgn0032814,CG10366
CG10383,FBgn0032699,CG10383
CG10407,FBgn0038395,Jhbp5
CG10431,FBgn0032730,CG10431
CG10459,FBgn0033440,CG10459
CG10481,FBgn0032827,CG10481
CG10486,FBgn0035647,CG10486
CG10510,FBgn0037059,CG10510
CG10561,FBgn0002036,CG10561
CG10565,FBgn0037051,CG10565
CG10588,FBgn0037037,CG10588
CG10589,FBgn0037035,CG10589
CG10616,FBgn0036286,CG10616
CG10660,FBgn0036288,CG10660
CG10694,FBgn0039147,CG10694
CG10700,FBgn0032754,CG10700
CG10731,FBgn0034081,CG10731
CG10734,FBgn0034082,CG10734
CG10748,FBgn0036327,CG10748
CG10749,FBgn0036328,CG10749
CG10750,FBgn0032769,CG10750
CG10752,FBgn0036325,CG10752
CG10761,FBgn0030015,CG10761
CG10801,FBgn0029660,CG10801
CG10809,FBgn0036052,CG10809
CG10822,FBgn0034478,CG10822
CG10834,FBgn0032972,CG10834
CG10839,FBgn0028858,CG10839
CG10841,FBgn0038163,CG10841
CG10845,FBgn0039246,CG10845
CG10859,FBgn0032520,CG10859
CG10862,FBgn0035455,CG10862
CG10866,FBgn0035475,CG10866
CG10869,FBgn0031347,nis
CG10887,FBgn0038773,CG10887
CG10909,FBgn0038090,CG10909
CG10919,FBgn0037514,CG10919
CG10920,FBgn0029963,CG10920
CG10931,FBgn0034274,CG10931
CG10934,FBgn0034263,CG10934
CG10947,FBgn0032857,CG10947
CG10950,FBgn0034205,CG10950
CG10958,FBgn0030004,CG10958
CG10969,FBgn0036310,CG10969
CG10970,FBgn0030078,CG10970
CG10984,FBgn0036305,CG10984
CG10993,FBgn0030524,CG10993
CG10996,FBgn0030525,CG10996
CG11007,FBgn0034455,CG11007
CG11018,FBgn0034464,CG11018
CG11035,FBgn0037544,CG11035
CG11052,FBgn0040524,CG11052
CG11060,FBgn0033149,CG11060
CG11068,FBgn0030536,CG11068
CG11070,FBgn0028467,Ube4A
CG11106,FBgn0030280,CG11106
CG11110,FBgn0034535,CG11110
CG11125,FBgn0033174,CG11125
CG11141,FBgn0033177,CG11141
CG11145,FBgn0033168,CG11145
CG11226,FBgn0037195,CG11226
CG11227,FBgn0031139,CG11227
CG11248,FBgn0037117,CG11248
CG11249,FBgn0037115,CG11249
CG11251,FBgn0036346,CG11251
CG11262,FBgn0036329,CG11262
CG11286,FBgn0037516,CG11286
CG11291,FBgn0034713,CG11291
CG11294,FBgn0030058,CG11294
CG11298,FBgn0034721,CG11298
CG11322,FBgn0031856,CG11322
CG11327,FBgn0031849,CG11327
CG11333,FBgn0039850,CG11333
CG11362,FBgn0034737,CG11362
CG11369,FBgn0029951,CG11369
CG1137,FBgn0037454,CG1137
CG11373,FBgn0040679,CG11373
CG11379,FBgn0040362,CG11379
CG1138,FBgn0037456,CG1138
CG11404,FBgn0037169,CG11404
CG1146,FBgn0035346,CG1146
CG11474,FBgn0034688,CG11474
CG11475,FBgn0034687,CG11475
CG11562,FBgn0031247,CG11562
CG11586,FBgn0035520,CG11586
CG11588,FBgn0036221,CG11588
CG11597,FBgn0036212,CG11597
CG11629,FBgn0032965,CG11629
CG11630,FBgn0032964,CG11630
CG11634,FBgn0032968,CG11634
CG11635,FBgn0033283,CG11635
CG11656,FBgn0038109,CG11656
CG11663,FBgn0029539,CG11663
CG11666,FBgn0040648,CG11666
CG11694,FBgn0037571,CG11694
CG11698,FBgn0037572,CG11698
CG11703,FBgn0038690,CG11703
CG11714,FBgn0036170,CG11714
CG1172,FBgn0264712,CG1172
CG11722,FBgn0037777,NdufAF4
CG11726,FBgn0036156,CG11726
CG11756,FBgn0030290,CG11756
CG11779,FBgn0038683,CG11779
CG11815,FBgn0035299,CG11815
CG11816,FBgn0030495,CG11816
CG11885,FBgn0031253,CG11885
CG11927,FBgn0031638,CG11927
CG11929,FBgn0031620,CG11929
CG11983,FBgn0037654,CG11983
CG11986,FBgn0037656,CG11986
CG12020,FBgn0035273,CG12020
CG12035,FBgn0035263,CG12035
CG12061,FBgn0040031,CG12061
CG12069,FBgn0039796,CG12069
CG12078,FBgn0035426,CG12078
CG12104,FBgn0035238,CG12104
CG12111,FBgn0030050,CG12111
CG12118,FBgn0030101,CG12118
CG12123,FBgn0030039,CG12123
CG12126,FBgn0033280,CG12126
CG12147,FBgn0037325,CG12147
CG12159,FBgn0033232,CG12159
CG12179,FBgn0025388,Alms1a
CG12182,FBgn0028504,CG12182
CG12184,FBgn0025387,Alms1b
CG12209,FBgn0033498,CG12209
CG12229,FBgn0036723,CG12229
CG12231,FBgn0031026,CG12231
CG12289,FBgn0036160,CG12289
CG12307,FBgn0032370,CG12307
CG12343,FBgn0033556,CG12343
CG12347,FBgn0038558,CG12347
CG12355,FBgn0040805,CG12355
CG12362,FBgn0036082,CG12362
CG12376,FBgn0033323,CG12376
CG12395,FBgn0030722,CG12395
CG12426,FBgn0039552,CG12426
CG12438,FBgn0032065,CG12438
CG12439,FBgn0032094,CG12439
CG12446,FBgn0031201,CG12446
CG12448,FBgn0028857,CG12448
CG12464,FBgn0033861,CG12464
CG12470,FBgn0040371,CG12470
CG12477,FBgn0036809,CG12477
CG12479,FBgn0040871,Mic10a
CG12493,FBgn0035571,CG12493
CG12498,FBgn0040356,CG12498
CG12511,FBgn0031729,CG12511
CG12516,FBgn0039577,CG12516
CG12521,FBgn0040816,CG12521
CG12589,FBgn0040684,CG12589
CG12592,FBgn0037811,CG12592
CG12605,FBgn0035481,CG12605
CG12609,FBgn0030952,CG12609
CG12617,FBgn0040996,CG12617
CG12620,FBgn0032626,CG12620
CG12637,FBgn0030224,CG12637
CG12645,FBgn0030181,CG12645
CG12674,FBgn0031388,CG12674
CG12679,FBgn0031103,CG12679
CG12680,FBgn0029740,CG12680
CG12682,FBgn0029729,CG12682
CG12684,FBgn0029717,CG12684
CG12689,FBgn0029952,CG12689
CG12691,FBgn0029701,CG12691
CG12692,FBgn0029703,CG12692
CG12693,FBgn0029705,CG12693
CG12698,FBgn0030721,CG12698
CG12699,FBgn0046294,CG12699
CG12713,FBgn0036536,CG12713
CG12725,FBgn0030483,CG12725
CG12729,FBgn0029816,CG12729
CG12782,FBgn0034838,CG12782
CG12783,FBgn0038448,CG12783
CG12784,FBgn0038356,CG12784
CG12817,FBgn0037798,CG12817
CG12831,FBgn0033141,CG12831
CG12857,FBgn0033963,CG12857
CG12860,FBgn0033954,CG12860
CG12861,FBgn0033953,CG12861
CG12866,FBgn0033955,Targ
CG1288,FBgn0250845,CG1288
CG12914,FBgn0033499,CG12914
CG12917,FBgn0033490,CG12917
CG12923,FBgn0033461,CG12923
CG12983,FBgn0037040,CG12983
CG12984,FBgn0037042,CG12984
CG12992,FBgn0030846,CG12992
CG13008,FBgn0030780,CG13008
CG13010,FBgn0030770,CG13010
CG13021,FBgn0029669,CG13021
CG13022,FBgn0036679,CG13022
CG13029,FBgn0036670,CG13029
CG13032,FBgn0036652,CG13032
CG13039,FBgn0036609,CG13039
CG13040,FBgn0036608,CG13040
CG13088,FBgn0032047,CG13088
CG13110,FBgn0032111,CG13110
CG13123,FBgn0032150,CG13123
CG13127,FBgn0032176,CG13127
CG13131,FBgn0032175,CG13131
CG13137,FBgn0032188,CG13137
CG1314,FBgn0031134,CG1314
CG13148,FBgn0033767,CG13148
CG13168,FBgn0033705,CG13168
CG1317,FBgn0035333,CG1317
CG13186,FBgn0033680,CG13186
CG13197,FBgn0062449,CG13197
CG13202,FBgn0033623,CG13202
CG13203,FBgn0033628,CG13203
CG13223,FBgn0033599,CG13223
CG13239,FBgn0037197,CG13239
CG1324,FBgn0031129,CG1324
CG13243,FBgn0028903,CG13243
CG13244,FBgn0032577,CG13244
CG13280,FBgn0032609,CG13280
CG13282,FBgn0032612,CG13282
CG13326,FBgn0033794,CG13326
CG13330,FBgn0033848,CG13330
CG13334,FBgn0033856,CG13334
CG13337,FBgn0033863,CG13337
CG13344,FBgn0033884,CG13344
CG13359,FBgn0025616,CG13359
CG13385,FBgn0032039,CG13385
CG13405,FBgn0035097,CG13405
CG13423,FBgn0034513,CG13423
CG13426,FBgn0034510,CG13426
CG13436,FBgn0034532,CG13436
CG13442,FBgn0034546,CG13442
CG13449,FBgn0036520,CG13449
CG13455,FBgn0036498,CG13455
CG13457,FBgn0036482,CG13457
CG13471,FBgn0036443,CG13471
CG13473,FBgn0036442,CG13473
CG13474,FBgn0036439,CG13474
CG13476,FBgn0036441,CG13476
CG13481,FBgn0036421,CG13481
CG13494,FBgn0034671,CG13494
CG13501,FBgn0034684,CG13501
CG13526,FBgn0034774,CG13526
CG13527,FBgn0034776,CG13527
CG13538,FBgn0034820,CG13538
CG13539,FBgn0034833,CG13539
CG13540,FBgn0034839,CG13540
CG13541,FBgn0034841,atlas
CG13544,FBgn0034826,CG13544
CG13558,FBgn0034869,CG13558
CG13564,FBgn0034973,Mic10c
CG13577,FBgn0034998,CG13577
CG13581,FBgn0035014,CG13581
CG13599,FBgn0039128,CG13599
CG13615,FBgn0039199,CG13615
CG13617,FBgn0039201,DZIP1
CG13667,FBgn0035890,CG13667
CG13679,FBgn0035856,CG13679
CG13693,FBgn0031235,CG13693
CG13700,FBgn0036785,CG13700
CG13723,FBgn0036705,CG13723
CG13725,FBgn0036708,CG13725
CG13733,FBgn0036729,CG13733
CG13742,FBgn0033372,CG13742
CG13747,FBgn0033364,CG13747
CG13771,FBgn0031844,CG13771
CG13801,FBgn0035332,CG13801
CG13829,FBgn0039059,CG13829
CG13842,FBgn0039009,CG13842
CG13843,FBgn0038993,CG13843
CG13855,FBgn0038960,CG13855
CG1387,FBgn0030033,CG1387
CG13870,FBgn0034506,CG13870
CG13871,FBgn0034502,CG13871
CG13872,FBgn0034477,CG13872
CG13884,FBgn0035138,CG13884
CG13891,FBgn0035139,CG13891
CG13898,FBgn0035161,CG13898
CG13901,FBgn0035164,CG13901
CG1394,FBgn0030277,CG1394
CG13970,FBgn0032851,CG13970
CG13978,FBgn0039518,CG13978
CG13984,FBgn0260452,CG13984
CG13989,FBgn0031786,CG13989
CG13991,FBgn0031785,CG13991
CG13994,FBgn0031772,CG13994
CG13999,FBgn0031753,CG13999
CG14000,FBgn0031749,CG14000
CG14006,FBgn0031733,CG14006
CG14007,FBgn0031731,CG14007
CG14011,FBgn0031722,CG14011
CG14013,FBgn0031720,CG14013
CG14017,FBgn0031721,CG14017
CG14020,FBgn0031707,CG14020
CG14043,FBgn0031659,CG14043
CG14053,FBgn0029603,CG14053
CG14054,FBgn0029596,CG14054
CG14069,FBgn0032315,CG14069
CG1407,FBgn0033474,CG1407
CG14070,FBgn0032313,CG14070
CG14071,FBgn0032312,CG14071
CG14077,FBgn0036830,COX6AL2
CG1409,FBgn0029964,CG1409
CG14106,FBgn0260459,CG14106
CG14111,FBgn0036350,CG14111
CG14113,FBgn0040814,CG14113
CG14151,FBgn0036089,CG14151
CG14154,FBgn0036093,CG14154
CG14174,FBgn0036036,CG14174
CG1418,FBgn0033468,CG1418
CG14183,FBgn0036931,CG14183
CG14190,FBgn0030979,CG14190
CG1421,FBgn0032966,CG1421
CG14212,FBgn0031045,CG14212
CG14232,FBgn0031061,CG14232
CG14252,FBgn0039462,CG14252
CG14260,FBgn0039504,CG14260
CG14262,FBgn0039503,CG14262
CG14269,FBgn0029658,CG14269
CG14270,FBgn0029665,CG14270
CG1428,FBgn0032967,CG1428
CG14282,FBgn0038685,CG14282
CG14294,FBgn0038656,CG14294
CG14297,FBgn0038655,CG14297
CG14305,FBgn0038630,Tssk
CG14314,FBgn0038581,CG14314
CG14315,FBgn0038568,CG14315
CG14316,FBgn0038567,CG14316
CG14330,FBgn0038512,CG14330
CG14339,FBgn0031301,CG14339
CG14346,FBgn0031337,CG14346
CG14354,FBgn0039376,CG14354
CG14355,FBgn0038208,CG14355
CG14362,FBgn0038186,CG14362
CG14369,FBgn0038159,CG14369
CG14370,FBgn0038158,CG14370
CG14380,FBgn0038124,CG14380
CG14383,FBgn0038102,CG14383
CG14384,FBgn0038097,CG14384
CG14391,FBgn0038078,CG14391
CG14402,FBgn0032894,CG14402
CG14448,FBgn0037191,CG14448
CG14451,FBgn0037183,CG14451
CG14488,FBgn0034278,CG14488
CG14505,FBgn0034327,CG14505
CG14506,FBgn0039659,CG14506
CG14507,FBgn0039655,CG14507
CG14537,FBgn0031954,CG14537
CG14540,FBgn0039398,CG14540
CG14546,FBgn0039395,CG14546
CG14556,FBgn0039413,CG14556
CG14579,FBgn0287645,ccb
CG14589,FBgn0033063,CG14589
CG14605,FBgn0037486,CG14605
CG14609,FBgn0037483,CG14609
CG14628,FBgn0040365,CG14628
CG14631,FBgn0029552,CG14631
CG14634,FBgn0040892,CG14634
CG14635,FBgn0029535,CG14635
CG14644,FBgn0250821,CG14644
CG14651,FBgn0037254,sac
CG14658,FBgn0037283,CG14658
CG14659,FBgn0037284,CG14659
CG14662,FBgn0037291,CG14662
CG14668,FBgn0037320,CG14668
CG14676,FBgn0037388,CG14676
CG14684,FBgn0037824,CG14684
CG14689,FBgn0037826,CG14689
CG14691,FBgn0037829,CG14691
CG14693,FBgn0037837,CG14693
CG14708,FBgn0037910,CG14708
CG14712,FBgn0037924,CG14712
CG14717,FBgn0265271,CG14717
CG14718,FBgn0037939,CG14718
CG14721,FBgn0037942,CG14721
CG14731,FBgn0037964,CG14731
CG14736,FBgn0037986,CG14736
CG14739,FBgn0037987,CG14739
CG14740,FBgn0037988,Cs2
CG14743,FBgn0033326,CG14743
CG14744,FBgn0033324,CG14744
CG14759,FBgn0033278,CG14759
CG14763,FBgn0033243,CG14763
CG14785,FBgn0027795,CG14785
CG14810,FBgn0029589,CG14810
CG14811,FBgn0029590,CG14811
CG14835,FBgn0035782,CG14835
CG14838,FBgn0035799,mmm
CG14839,FBgn0038219,CG14839
CG14840,FBgn0038217,CG14840
CG14841,FBgn0038218,CG14841
CG14861,FBgn0038280,CG14861
CG14864,FBgn0038311,CG14864
CG14868,FBgn0038330,CG14868
CG14891,FBgn0038445,CG14891
CG14894,FBgn0038428,Ttc1
CG14915,FBgn0032335,CG14915
CG14921,FBgn0032345,Dnaaf4
CG14926,FBgn0032360,CG14926
CG14929,FBgn0032365,CG14929
CG14930,FBgn0032366,CG14930
CG14931,FBgn0032374,CG14931
CG14932,FBgn0032375,CG14932
CG1494,FBgn0031169,CG1494
CG14968,FBgn0035431,CG14968
CG14974,FBgn0040694,CG14974
CG14983,FBgn0035479,CG14983
CG14995,FBgn0035497,CG14995
CG15014,FBgn0035532,CG15014
CG15025,FBgn0038709,CG15025
CG1503,FBgn0031157,CG1503
CG15034,FBgn0029946,CG15034
CG15035,FBgn0029949,CG15035
CG15042,FBgn0030937,CG15042
CG15056,FBgn0030918,CG15056
CG15059,FBgn0030905,CG15059
CG15109,FBgn0034416,CG15109
CG15111,FBgn0034419,CG15111
CG15124,FBgn0034461,CG15124
CG15125,FBgn0034463,CG15125
CG15128,FBgn0034467,CG15128
CG15136,FBgn0032625,CG15136
CG15142,FBgn0032645,CG15142
CG15143,FBgn0032647,CG15143
CG15144,FBgn0032648,CG15144
CG15145,FBgn0032649,CG15145
CG15147,FBgn0032654,CG15147
CG15172,FBgn0032740,CG15172
CG15177,FBgn0037461,CG15177
CG15196,FBgn0030296,CG15196
CG15198,FBgn0030283,CG15198
CG15200,FBgn0030278,CG15200
CG15208,FBgn0030247,CG15208
CG15219,FBgn0040519,CG15219
CG15233,FBgn0033076,CG15233
CG15256,FBgn0028880,CG15256
CG15258,FBgn0032563,CG15258
CG15260,FBgn0028850,CG15260
CG15262,FBgn0028852,CG15262
CG15278,FBgn0032554,CG15278
CG15283,FBgn0028844,CG15283
CG15286,FBgn0028531,CG15286
CG15296,FBgn0030215,CG15296
CG15306,FBgn0030191,CG15306
CG15330,FBgn0029987,CG15330
CG15332,FBgn0029986,CG15332
CG15333,FBgn0029989,CG15333
CG15337,FBgn0030014,CG15337
CG15357,FBgn0040719,CG15357
CG15362,FBgn0031378,CG15362
CG15368,FBgn0030104,CG15368
CG15375,FBgn0029694,CG15375
CG15387,FBgn0031403,CG15387
CG15395,FBgn0031440,CG15395
CG15399,FBgn0031460,CG15399
CG15403,FBgn0031504,CG15403
CG15418,FBgn0031554,CG15418
CG15425,FBgn0265269,CG15425
CG15429,FBgn0031596,CG15429
CG15436,FBgn0031610,Paris
CG15445,FBgn0031161,CG15445
CG15446,FBgn0031155,CG15446
CG15450,FBgn0031132,CG15450
CG15452,FBgn0031130,CG15452
CG15458,FBgn0040651,CG15458
CG15459,FBgn0031108,CG15459
CG15468,FBgn0061196,CG15468
CG15471,FBgn0029726,CG15471
CG15472,FBgn0029724,CG15472
CG15475,FBgn0032867,CG15475
CG15482,FBgn0032483,CG15482
CG15483,FBgn0032457,CG15483
CG15498,FBgn0038892,CG15498
CG15530,FBgn0039752,CG15530
CG15536,FBgn0039766,CG15536
CG15543,FBgn0039799,CG15543
CG15547,FBgn0039809,CG15547
CG15548,FBgn0039812,CG15548
CG15549,FBgn0039810,CG15549
CG15572,FBgn0029702,CG15572
CG15576,FBgn0029700,CG15576
CG15577,FBgn0040904,CG15577
CG15578,FBgn0040905,CG15578
CG15579,FBgn0040906,CG15579
CG15580,FBgn0037398,CG15580
CG15605,FBgn0034196,CG15605
CG15625,FBgn0031644,CG15625
CG15631,FBgn0031626,CG15631
CG15638,FBgn0028943,CG15638
CG15657,FBgn0034595,CG15657
CG15676,FBgn0034651,CG15676
CG15708,FBgn0034099,CG15708
CG1571,FBgn0029993,CG1571
CG15710,FBgn0034120,CG15710
CG15711,FBgn0034122,CG15711
CG15715,FBgn0036538,CG15715
CG15719,FBgn0030440,CG15719
CG15728,FBgn0030409,CG15728
CG15734,FBgn0030374,CG15734
CG15742,FBgn0030462,CG15742
CG15764,FBgn0029817,CG15764
CG15767,FBgn0029809,CG15767
CG15800,FBgn0034904,CG15800
CG15824,FBgn0031292,CG15824
CG15873,FBgn0035003,CG15873
CG15876,FBgn0035569,CG15876
CG15878,FBgn0035316,CG15878
CG15880,FBgn0031283,CG15880
CG15882,FBgn0030983,CG15882
CG15892,FBgn0029859,CG15892
CG15909,FBgn0033090,CG15909
CG15930,FBgn0029754,CG15930
CG1631,FBgn0031101,CG1631
CG1638,FBgn0039855,CG1638
CG1662,FBgn0030481,CG1662
CG1663,FBgn0033449,CG1663
CG16719,FBgn0036029,CG16719
CG16736,FBgn0037668,CG16736
CG16739,FBgn0034505,CG16739
CG16741,FBgn0042198,CG16741
CG16781,FBgn0029661,CG16781
CG16782,FBgn0029659,CG16782
CG16812,FBgn0032488,CG16812
CG16824,FBgn0040973,CG16824
CG16825,FBgn0032503,CG16825
CG16837,FBgn0035009,CG16837
CG16848,FBgn0032522,Flad2
CG16852,FBgn0028942,CG16852
CG16853,FBgn0028941,CG16853
CG16854,FBgn0032338,CG16854
CG16888,FBgn0032533,CG16888
CG16894,FBgn0034483,CG16894
CG1690,FBgn0033442,lut
CG16957,FBgn0032519,CG16957
CG16964,FBgn0032385,CG16964
CG16972,FBgn0032481,CG16972
CG16979,FBgn0036512,Ufsp2
CG16984,FBgn0062517,CG16984
CG17003,FBgn0031082,lky
CG17005,FBgn0032109,CG17005
CG17010,FBgn0032424,CG17010
CG17030,FBgn0035584,CG17030
CG17048,FBgn0033828,CG17048
CG17083,FBgn0039070,wam
CG17098,FBgn0287630,dbf
CG17104,FBgn0040496,CG17104
CG17118,FBgn0032291,CG17118
CG17122,FBgn0036962,CG17122
CG17129,FBgn0035151,CG17129
CG17154,FBgn0036246,CG17154
CG17173,FBgn0036447,Mgat4b
CG17195,FBgn0039369,CG17195
CG17196,FBgn0039368,CG17196
CG17198,FBgn0039366,CG17198
CG17199,FBgn0038775,CG17199
CG17217,FBgn0032419,CG17217
CG1722,FBgn0031168,CG1722
CG17230,FBgn0046225,CG17230
CG17237,FBgn0031410,CG17237
CG1724,FBgn0031164,CG1724
CG17258,FBgn0031496,CG17258
CG17260,FBgn0031498,CG17260
CG17261,FBgn0031501,CG17261
CG17267,FBgn0038821,CG17267
CG17287,FBgn0034202,CG17287
CG17300,FBgn0036345,CG17300
CG17329,FBgn0028896,CG17329
CG17349,FBgn0032771,CG17349
CG17350,FBgn0032772,CG17350
CG17375,FBgn0031861,CG17375
CG17376,FBgn0042189,CG17376
CG17377,FBgn0031859,CG17377
CG17378,FBgn0031858,CG17378
CG17380,FBgn0039077,CG17380
CG17387,FBgn0037276,Ccdc39
CG17440,FBgn0030120,CG17440
CG17450,FBgn0040028,CG17450
CG17470,FBgn0032869,CG17470
CG17564,FBgn0032768,CG17564
CG17580,FBgn0040755,CG17580
CG17601,FBgn0031197,CG17601
CG17625,FBgn0039002,CG17625
CG17648,FBgn0031364,CG17648
CG17650,FBgn0031365,CG17650
CG17666,FBgn0036311,CG17666
CG17669,FBgn0034352,Dnaaf3
CG17687,FBgn0036348,CG17687
CG17717,FBgn0029877,CG17717
CG17732,FBgn0036923,CG17732
CG17744,FBgn0035730,CG17744
CG17764,FBgn0029751,CG17764
CG17819,FBgn0038915,CG17819
CG17821,FBgn0034383,CG17821
CG17917,FBgn0037431,CG17917
CG17944,FBgn0037500,CG17944
CG17977,FBgn0040778,CG17977
CG17991,FBgn0039498,CG17991
CG1801,FBgn0031171,CG1801
CG18063,FBgn0028856,CG18063
CG18109,FBgn0028901,t-Grip91
CG18128,FBgn0034898,CG18128
CG18130,FBgn0030359,CG18130
CG18131,FBgn0031343,CG18131
CG18132,FBgn0031345,CG18132
CG18155,FBgn0029945,Acsf3
CG18171,FBgn0035262,CG18171
CG18178,FBgn0036035,CG18178
CG18223,FBgn0036832,CG18223
CG18259,FBgn0030956,CG18259
CG18266,FBgn0031724,CG18266
CG18335,FBgn0033610,CG18335
CG18336,FBgn0040763,CG18336
CG1835,FBgn0031127,CG1835
CG18368,FBgn0033864,CG18368
CG18371,FBgn0033893,CG18371
CG18418,FBgn0035568,CG18418
CG18449,FBgn0033285,CG18449
CG18469,FBgn0034206,CG18469
CG18518,FBgn0028900,CG18518
CG18545,FBgn0037812,CG18545
CG18558,FBgn0031469,CG18558
CG18568,FBgn0033888,CG18568
CG18605,FBgn0034411,CG18605
CG18641,FBgn0031426,CG18641
CG18659,FBgn0027561,CG18659
CG18662,FBgn0040963,CG18662
CG18666,FBgn0040967,CG18666
CG18675,FBgn0040696,CG18675
CG18787,FBgn0042125,CG18787
CG18789,FBgn0042127,CG18789
CG18808,FBgn0042131,CG18808
CG18810,FBgn0042133,CG18810
CG18823,FBgn0042146,CG18823
CG1890,FBgn0039869,Tbca
CG1894,FBgn0039585,Myst5
CG1924,FBgn0030377,CG1924
CG1958,FBgn0029940,CG1958
CG1971,FBgn0039881,CG1971
CG1979,FBgn0026563,CG1979
CG1999,FBgn0029947,CG1999
CG2034,FBgn0015359,Elp5
CG2053,FBgn0039887,Pos
CG2061,FBgn0027498,CG2061
CG2100,FBgn0037369,CG2100
CG2104,FBgn0037365,CG2104
CG2113,FBgn0035384,CG2113
CG2127,FBgn0033286,CG2127
CG2147,FBgn0030025,CG2147
CG2209,FBgn0030441,CG2209
CG2224,FBgn0039773,CG2224
CG2267,FBgn0039792,CG2267
CG2277,FBgn0035204,Nt5a
CG2291,FBgn0033279,CG2291
CG2336,FBgn0037455,CG2336
CG2528,FBgn0032969,CG2528
CG2533,FBgn0030319,CG2533
CG2574,FBgn0030386,CG2574
CG2577,FBgn0030384,CG2577
CG2616,FBgn0037512,CG2616
CG2652,FBgn0025838,CG2652
CG2750,FBgn0030376,CG2750
CG2790,FBgn0027599,CG2790
CG2794,FBgn0031265,CG2794
CG2854,FBgn0040391,CG2854
CG2861,FBgn0029728,CG2861
CG2871,FBgn0029725,CG2871
CG2887,FBgn0030207,CG2887
CG2898,FBgn0030195,CG2898
CG2901,FBgn0029679,CG2901
CG2921,FBgn0034689,CG2921
CG2955,FBgn0031585,CG2955
CG2964,FBgn0031462,CG2964
CG30015,FBgn0050015,CG30015
CG30037,FBgn0050037,CG30037
CG30039,FBgn0050039,CG30039
CG30048,FBgn0050048,CG30048
CG30056,FBgn0050056,CG30056
CG30060,FBgn0265272,CG30060
CG30065,FBgn0050065,CG30065
CG30075,FBgn0050075,CG30075
CG30094,FBgn0050094,CG30094
CG30099,FBgn0050099,CG30099
CG30103,FBgn0050103,CG30103
CG30109,FBgn0050109,CG30109
CG30110,FBgn0050110,CG30110
CG30156,FBgn0050156,CG30156
CG30157,FBgn0050157,Ufsp1
CG30161,FBgn0050161,CG30161
CG30177,FBgn0050177,CG30177
CG30178,FBgn0050178,CG30178
CG30184,FBgn0050184,CG30184
CG30222,FBgn0050222,CG30222
CG30268,FBgn0050268,CG30268
CG30270,FBgn0061435,CG30270
CG30271,FBgn0050271,CG30271
CG30275,FBgn0050275,CG30275
CG30278,FBgn0050278,CG30278
CG30284,FBgn0050284,CG30284
CG30324,FBgn0050324,CG30324
CG30325,FBgn0050325,CG30325
CG30350,FBgn0050350,CG30350
CG30355,FBgn0050355,CG30355
CG30356,FBgn0050356,CG30356
CG30357,FBgn0050357,CG30357
CG30376,FBgn0050376,CG30376
CG30378,FBgn0050378,CG30378
CG30383,FBgn0050383,CG30383
CG30384,FBgn0050384,CG30384
CG30385,FBgn0050385,CG30385
CG30391,FBgn0050391,CG30391
CG30393,FBgn0050393,CG30393
CG30398,FBgn0050398,CG30398
CG30412,FBgn0050412,CG30412
CG30416,FBgn0050416,CG30416
CG30429,FBgn0050429,CG30429
CG30432,FBgn0050432,CG30432
CG30447,FBgn0050447,CG30447
CG30460,FBgn0050460,CG30460
CG30466,FBgn0050466,CG30466
CG30472,FBgn0050472,CG30472
CG30484,FBgn0050484,CG30484
CG30485,FBgn0050485,CG30485
CG30487,FBgn0050487,CG30487
CG30491,FBgn0050491,CG30491
CG30496,FBgn0050496,CG30496
CG3062,FBgn0025612,CG3062
CG3085,FBgn0034816,CG3085
CG3092,FBgn0034835,CG3092
CG31007,FBgn0051007,CG31007
CG31008,FBgn0051008,CG31008
CG31010,FBgn0051010,CG31010
CG31013,FBgn0051013,CG31013
CG31029,FBgn0051029,CG31029
CG31050,FBgn0051050,CG31050
CG31055,FBgn0051055,CG31055
CG31068,FBgn0051068,CG31068
CG31093,FBgn0051093,CG31093
CG31099,FBgn0051099,CG31099
CG31115,FBgn0051115,CG31115
CG31125,FBgn0051125,CG31125
CG31128,FBgn0051128,CG31128
CG31139,FBgn0051139,CG31139
CG31141,FBgn0051141,CG31141
CG31161,FBgn0051161,CG31161
CG31174,FBgn0051174,CG31174
CG31178,FBgn0064912,CG31178
CG31204,FBgn0051204,CG31204
CG31206,FBgn0051206,CG31206
CG31213,FBgn0051213,CG31213
CG31220,FBgn0051220,CG31220
CG3123,FBgn0031465,CG3123
CG31230,FBgn0051230,CG31230
CG31231,FBgn0051231,CG31231
CG3124,FBgn0034840,CG3124
CG31244,FBgn0051244,CG31244
CG31245,FBgn0051245,CG31245
CG31275,FBgn0063261,CG31275
CG31279,FBgn0051279,CG31279
CG31286,FBgn0051286,CG31286
CG31287,FBgn0051287,CG31287
CG31294,FBgn0051294,CG31294
CG31327,FBgn0051327,CG31327
CG31347,FBgn0051347,CG31347
CG31358,FBgn0051358,CG31358
CG31360,FBgn0051360,CG31360
CG31391,FBgn0051391,CG31391
CG31404,FBgn0051404,CG31404
CG31406,FBgn0051406,CG31406
CG31407,FBgn0051407,CG31407
CG31415,FBgn0051415,CG31415
CG31459,FBgn0051459,CG31459
CG31465,FBgn0051465,CG31465
CG31467,FBgn0051467,CG31467
CG31468,FBgn0047351,CG31468
CG31473,FBgn0051473,CG31473
CG31482,FBgn0051482,CG31482
CG31525,FBgn0051525,CG31525
CG31528,FBgn0051528,CG31528
CG31533,FBgn0051533,CG31533
CG31538,FBgn0051538,CG31538
CG31542,FBgn0051542,CG31542
CG31546,FBgn0051546,CG31546
CG31551,FBgn0051551,CG31551
CG31600,FBgn0283728,CG31600
CG31601,FBgn0051601,CG31601
CG31609,FBgn0051609,CG31609
CG31624,FBgn0051624,CG31624
CG31627,FBgn0051627,CG31627
CG31639,FBgn0051639,CG31639
CG31642,FBgn0051642,CG31642
CG31644,FBgn0051644,COX6CL
CG3165,FBgn0031484,CG3165
CG31650,FBgn0031673,CG31650
CG31677,FBgn0051677,CG31677
CG31693,FBgn0051693,CG31693
CG31697,FBgn0051697,CG31697
CG31709,FBgn0051709,CG31709
CG31730,FBgn0051730,CG31730
CG31735,FBgn0051735,CG31735
CG31740,FBgn0051740,CG31740
CG31752,FBgn0051752,CG31752
CG31773,FBgn0051773,Fpgs2
CG31776,FBgn0051776,CG31776
CG31784,FBgn0051784,CG31784
CG31787,FBgn0051787,CG31787
CG31798,FBgn0051798,CG31798
CG31802,FBgn0051802,CG31802
CG31804,FBgn0051804,CG31804
CG31805,FBgn0051805,CG31805
CG31806,FBgn0051806,CG31806
CG31807,FBgn0051807,CG31807
CG31815,FBgn0051815,CG31815
CG31816,FBgn0051816,CG31816
CG31817,FBgn0028899,CG31817
CG31819,FBgn0028893,CG31819
CG31820,FBgn0051820,CG31820
CG31826,FBgn0051826,CG31826
CG31848,FBgn0051848,CG31848
CG31861,FBgn0051861,CG31861
CG31867,FBgn0051867,CG31867
CG31870,FBgn0051870,CG31870
CG31875,FBgn0051875,CG31875
CG31897,FBgn0051897,CG31897
CG31909,FBgn0051909,CG31909
CG31910,FBgn0051910,CG31910
CG31913,FBgn0051913,CG31913
CG31921,FBgn0051921,CG31921
CG31924,FBgn0051924,CG31924
CG31933,FBgn0051933,CG31933
CG31948,FBgn0051948,CG31948
CG31949,FBgn0051949,CG31949
CG31952,FBgn0051952,CG31952
CG31957,FBgn0051957,CG31957
CG31960,FBgn0051960,CG31960
CG31988,FBgn0051988,CG31988
CG3199,FBgn0038210,CG3199
CG32022,FBgn0052022,CG32022
CG32026,FBgn0052026,CG32026
CG32061,FBgn0052061,CG32061
CG32079,FBgn0052079,CG32079
CG32081,FBgn0052081,CG32081
CG32085,FBgn0052085,CG32085
CG32086,FBgn0052086,CG32086
CG32087,FBgn0052087,CG32087
CG32106,FBgn0052106,CG32106
CG32110,FBgn0052110,CG32110
CG32112,FBgn0052112,CG32112
CG32117,FBgn0052117,CG32117
CG32119,FBgn0052119,CG32119
CG3213,FBgn0031545,CG3213
CG32148,FBgn0047338,CG32148
CG32161,FBgn0052161,CG32161
CG32163,FBgn0052163,CG32163
CG32181,FBgn0052181,CG32181
CG32192,FBgn0052192,CG32192
CG32219,FBgn0052219,CG32219
CG3222,FBgn0036014,CG3222
CG32228,FBgn0052228,CG32228
CG32232,FBgn0052232,t-Grip128
CG32236,FBgn0046793,CG32236
CG32240,FBgn0052240,CG32240
CG3225,FBgn0031631,CG3225
CG32259,FBgn0052259,CG32259
CG32262,FBgn0052262,CG32262
CG32263,FBgn0052263,CG32263
CG32267,FBgn0052267,Tom5
CG32295,FBgn0260480,CG32295
CG32299,FBgn0052299,CG32299
CG32301,FBgn0052301,CG32301
CG32305,FBgn0052305,CG32305
CG32313,FBgn0052313,CG32313
CG32320,FBgn0052320,CG32320
CG32371,FBgn0052371,CG32371
CG32391,FBgn0052391,CG32391
CG32396,FBgn0052396,βTub65B
CG32436,FBgn0052436,CG32436
CG32437,FBgn0052437,CG32437
CG32440,FBgn0052440,CG32440
CG32445,FBgn0052445,CG32445
CG32450,FBgn0052450,CG32450
CG32454,FBgn0260481,CG32454
CG32457,FBgn0052457,CG32457
CG32459,FBgn0052459,CG32459
CG32461,FBgn0052461,CG32461
CG32462,FBgn0052462,CG32462
CG32487,FBgn0052487,CG32487
CG32488,FBgn0052488,CG32488
CG3251,FBgn0031622,CG3251
CG32548,FBgn0052548,CG32548
CG32568,FBgn0052568,CG32568
CG32572,FBgn0052572,CG32572
CG32588,FBgn0052588,CG32588
CG32591,FBgn0052591,CG32591
CG32639,FBgn0052639,CG32639
CG32643,FBgn0052643,CG32643
CG32650,FBgn0052650,CG32650
CG32651,FBgn0052651,CG32651
CG32655,FBgn0052655,CG32655
CG32686,FBgn0052686,CG32686
CG32706,FBgn0052706,CG32706
CG32712,FBgn0052712,CG32712
CG32713,FBgn0052713,CG32713
CG32718,FBgn0052718,CG32718
CG32719,FBgn0052719,CG32719
CG32720,FBgn0052720,CG32720
CG32727,FBgn0265265,CG32727
CG32755,FBgn0052755,CG32755
CG32756,FBgn0052756,CG32756
CG32797,FBgn0052797,CG32797
CG32806,FBgn0052806,CG32806
CG32811,FBgn0052811,CG32811
CG32812,FBgn0025642,CG32812
CG32832,FBgn0052832,CG32832
CG32845,FBgn0052845,CG32845
CG32846,FBgn0052846,CG32846
CG32847,FBgn0052847,CG32847
CG32944,FBgn0052944,CG32944
CG32945,FBgn0052945,CG32945
CG32971,FBgn0052971,CG32971
CG32983,FBgn0052983,CG32983
CG32986,FBgn0052986,CG32986
CG32987,FBgn0052987,CG32987
CG32988,FBgn0052988,CG32988
CG33017,FBgn0053017,CG33017
CG33054,FBgn0053054,Targ1
CG3306,FBgn0036016,CG3306
CG33060,FBgn0053060,CG33060
CG33061,FBgn0053061,CG33061
CG33062,FBgn0053062,CG33062
CG33098,FBgn0053098,CG33098
CG33125,FBgn0053125,CG33125
CG33136,FBgn0053136,CG33136
CG33140,FBgn0053140,CG33140
CG33158,FBgn0053158,CG33158
CG33170,FBgn0053170,CG33170
CG33189,FBgn0053189,CG33189
CG33191,FBgn0053191,CG33191
CG33223,FBgn0053223,CG33223
CG33225,FBgn0053225,CG33225
CG3323,FBgn0029750,CG3323
CG33233,FBgn0053233,CG33233
CG33234,FBgn0053234,CG33234
CG33235,FBgn0030307,CG33235
CG33252,FBgn0053252,CG33252
CG33278,FBgn0053278,CG33278
CG33284,FBgn0053284,CG33284
CG33285,FBgn0053285,CG33285
CG33286,FBgn0053286,CG33286
CG33287,FBgn0053287,CG33287
CG33293,FBgn0053293,CG33293
CG3330,FBgn0039511,CG3330
CG33308,FBgn0250834,CG33308
CG33309,FBgn0053309,CG33309
CG33310,FBgn0053310,CG33310
CG33322,FBgn0053322,CG33322
CG33340,FBgn0053340,CG33340
CG3345,FBgn0031240,CG3345
CG3347,FBgn0031513,CG3347
CG33489,FBgn0053489,CG33489
CG33490,FBgn0053490,CG33490
CG33523,FBgn0053523,CG33523
CG33552,FBgn0053552,CG33552
CG33665,FBgn0053665,CG33665
CG33666,FBgn0053666,CG33666
CG33667,FBgn0053667,CG33667
CG33668,FBgn0053668,CG33668
CG33673,FBgn0053673,CG33673
CG33704,FBgn0053704,CG33704
CG33710,FBgn0053710,CG33710
CG33773,FBgn0053773,CG33773
CG33791,FBgn0035240,Ogdh2
CG33947,FBgn0083068,CG33947
CG34012,FBgn0054012,CG34012
CG34021,FBgn0054021,CG34021
CG34027,FBgn0054027,CG34027
CG34029,FBgn0054029,CG34029
CG34030,FBgn0054030,CG34030
CG34049,FBgn0054049,CG34049
CG3408,FBgn0036008,CG3408
CG34107,FBgn0083943,CG34107
CG34124,FBgn0083960,CG34124
CG34133,FBgn0083969,CG34133
CG34161,FBgn0085190,CG34161
CG34162,FBgn0085191,CG34162
CG34167,FBgn0085196,CG34167
CG34168,FBgn0085197,CG34168
CG34169,FBgn0085198,CG34169
CG34173,FBgn0085202,CG34173
CG34175,FBgn0085204,CG34175
CG34178,FBgn0085207,CG34178
CG34181,FBgn0085210,CG34181
CG34188,FBgn0085217,CG34188
CG34189,FBgn0085218,CG34189
CG34204,FBgn0085233,CG34204
CG34210,FBgn0085239,CG34210
CG34216,FBgn0085245,CG34216
CG34222,FBgn0250822,CG34222
CG34230,FBgn0085259,CG34230
CG34238,FBgn0085267,CG34238
CG34241,FBgn0250825,CG34241
CG34245,FBgn0085274,CG34245
CG34258,FBgn0085287,CG34258
CG34269,FBgn0085298,CG34269
CG34274,FBgn0085303,CG34274
CG34283,FBgn0085312,CG34283
CG34286,FBgn0085315,CG34286
CG34287,FBgn0085316,CG34287
CG34289,FBgn0085318,CG34289
CG34292,FBgn0085321,CG34292
CG34298,FBgn0085327,CG34298
CG34300,FBgn0085329,CG34300
CG34302,FBgn0085331,CG34302
CG34307,FBgn0085336,CG34307
CG34308,FBgn0085337,CG34308
CG34323,FBgn0085352,CG34323
CG34332,FBgn0085361,CG34332
CG34334,FBgn0263829,CG34334
CG34367,FBgn0085396,CG34367
CG34425,FBgn0085454,CG34425
CG34431,FBgn0085460,CG34431
CG34432,FBgn0085461,CG34432
CG34433,FBgn0085462,CG34433
CG34434,FBgn0250904,CG34434
CG34435,FBgn0085464,CG34435
CG34450,FBgn0085479,CG34450
CG34457,FBgn0085486,CG34457
CG34459,FBgn0085488,CG34459
CG34460,FBgn0085489,CG34460
CG3473,FBgn0028913,CG3473
CG3483,FBgn0035005,CG3483
CG3491,FBgn0028887,CG3491
CG3492,FBgn0035007,CG3492
CG3494,FBgn0035008,CG3494
CG3515,FBgn0031431,CG3515
CG3517,FBgn0038706,CG3517
CG3526,FBgn0040355,CG3526
CG3528,FBgn0031430,CG3528
CG3544,FBgn0031279,CG3544
CG3552,FBgn0035999,CG3552
CG3557,FBgn0031423,CG3557
CG3565,FBgn0035034,CG3565
CG3581,FBgn0038697,CG3581
CG3592,FBgn0029642,CG3592
CG3610,FBgn0038266,CG3610
CG3611,FBgn0035069,CG3611
CG3687,FBgn0034097,CG3687
CG3698,FBgn0037023,CG3698
CG3702,FBgn0031590,CG3702
CG3708,FBgn0040345,CG3708
CG3713,FBgn0040343,CG3713
CG3748,FBgn0032110,CG3748
CG3756,FBgn0031657,Polr1C
CG3788,FBgn0034800,CG3788
CG3795,FBgn0025378,CG3795
CG3809,FBgn0037995,Adk1
CG3894,FBgn0035059,CG3894
CG3919,FBgn0036423,CG3919
CG3927,FBgn0034739,CG3927
CG3942,FBgn0038008,CG3942
CG3955,FBgn0033793,CG3955
CG3982,FBgn0035988,CG3982
CG4021,FBgn0034659,CG4021
CG4073,FBgn0037827,CG4073
CG40813,FBgn0085521,CG40813
CG41106,FBgn0069938,Cnep1r1
CG41562,FBgn0085693,CG41562
CG4161,FBgn0028892,CG4161
CG4198,FBgn0029753,CG4198
CG4213,FBgn0031251,CG4213
CG4218,FBgn0250844,CG4218
CG42232,FBgn0250754,CG42232
CG42263,FBgn0259148,CG42263
CG42266,FBgn0259151,CG42266
CG42287,FBgn0259183,CG42287
CG42288,FBgn0259184,CG42288
CG42299,FBgn0259195,CG42299
CG4230,FBgn0031683,CG4230
CG42300,FBgn0259196,CG42300
CG42302,FBgn0259198,CG42302
CG42355,FBgn0259701,CG42355
CG42360,FBgn0259742,CG42360
CG42364,FBgn0259710,CG42364
CG42383,FBgn0259729,CG42383
CG42391,FBgn0259737,CG42391
CG42393,FBgn0259739,CG42393
CG42395,FBgn0259741,CG42395
CG42446,FBgn0259917,CG42446
CG42493,FBgn0260007,CG42493
CG42512,FBgn0260238,CG42512
CG42523,FBgn0260428,CG42523
CG42531,FBgn0260436,CG42531
CG42535,FBgn0260643,CG42535
CG42536,FBgn0260644,CG42536
CG42553,FBgn0260755,CG42553
CG42554,FBgn0260756,CG42554
CG42556,FBgn0260758,CG42556
CG42559,FBgn0260761,CG42559
CG42570,FBgn0260776,CG42570
CG42571,FBgn0260777,CG42571
CG42577,FBgn0260867,CG42577
CG42579,FBgn0260869,CG42579
CG42588,FBgn0260965,CG42588
CG42592,FBgn0260969,CG42592
CG42597,FBgn0260996,CG42597
CG42615,FBgn0261267,CG42615
CG42650,FBgn0261502,CG42650
CG42654,FBgn0261506,CG42654
CG42655,FBgn0261507,CG42655
CG42658,FBgn0261523,CG42658
CG42659,FBgn0261531,CG42659
CG42668,FBgn0261550,Orp8
CG42675,FBgn0261561,CG42675
CG42685,FBgn0261571,CG42685
CG42688,FBgn0265263,CG42688
CG42691,FBgn0261581,CG42691
CG42692,FBgn0261582,CG42692
CG42693,FBgn0261583,CG42693
CG42697,FBgn0261587,CG42697
CG4270,FBgn0031407,CG4270
CG42703,FBgn0261614,CG42703
CG42710,FBgn0261627,CG42710
CG42733,FBgn0261686,CG42733
CG42752,FBgn0261806,CG42752
CG42753,FBgn0261807,CG42753
CG42758,FBgn0261816,CG42758
CG42764,FBgn0261832,CG42764
CG42766,FBgn0261834,CG42766
CG42797,FBgn0261931,Hecw
CG42810,FBgn0261992,CG42810
CG42814,FBgn0261996,CG42814
CG42816,FBgn0261998,CG42816
CG42820,FBgn0262002,CG42820
CG42827,FBgn0262009,CG42827
CG42828,FBgn0262010,CG42828
CG42830,FBgn0262017,CG42830
CG42831,FBgn0262020,CG42831
CG42841,FBgn0262030,CG42841
CG42847,FBgn0262036,CG42847
CG42851,FBgn0262098,CG42851
CG42853,FBgn0262100,CG42853
CG42854,FBgn0262101,CG42854
CG42855,FBgn0262102,CG42855
CG42857,FBgn0262104,CG42857
CG4286,FBgn0034601,CG4286
CG43049,FBgn0262351,CG43049
CG43050,FBgn0262352,CG43050
CG43052,FBgn0262354,CG43052
CG43054,FBgn0262356,CG43054
CG43058,FBgn0262360,CG43058
CG43062,FBgn0262364,CG43062
CG43068,FBgn0262478,CG43068
CG43069,FBgn0262479,CG43069
CG43070,FBgn0262480,CG43070
CG43072,FBgn0262482,CG43072
CG43075,FBgn0262485,CG43075
CG43076,FBgn0262486,CG43076
CG43077,FBgn0262487,CG43077
CG43088,FBgn0262534,CG43088
CG43089,FBgn0262535,CG43089
CG43098,FBgn0262544,CG43098
CG43106,FBgn0262566,CG43106
CG43108,FBgn0262568,CG43108
CG43115,FBgn0262575,CG43115
CG43121,FBgn0262581,CG43121
CG43127,FBgn0262592,CG43127
CG43136,FBgn0262610,CG43136
CG43137,FBgn0262611,CG43137
CG43138,FBgn0262612,CG43138
CG43167,FBgn0262786,CG43167
CG43168,FBgn0262787,CG43168
CG43169,FBgn0262788,CG43169
CG4318,FBgn0030455,CG4318
CG43183,FBgn0262812,CG43183
CG43188,FBgn0262817,CG43188
CG43195,FBgn0262824,CG43195
CG43203,FBgn0262839,CG43203
CG43204,FBgn0262840,CG43204
CG43206,FBgn0262842,UQCR-6.4L
CG43231,FBgn0262876,CG43231
CG43232,FBgn0262877,CG43232
CG43233,FBgn0262878,CG43233
CG43237,FBgn0262882,CG43237
CG43246,FBgn0262891,CG43246
CG43249,FBgn0262894,CG43249
CG43277,FBgn0262966,CG43277
CG4329,FBgn0034745,tous
CG43290,FBgn0262982,CG43290
CG43292,FBgn0262984,CG43292
CG43293,FBgn0262985,CG43293
CG43296,FBgn0262988,CG43296
CG43312,FBgn0263004,CG43312
CG43317,FBgn0263022,CG43317
CG43318,FBgn0263023,CG43318
CG43321,FBgn0263026,CG43321
CG43322,FBgn0263027,CG43322
CG43325,FBgn0263030,CG43325
CG43329,FBgn0263034,CG43329
CG43331,FBgn0263036,CG43331
CG43338,FBgn0263079,CG43338
CG43339,FBgn0263078,CG43339
CG43371,FBgn0263114,CG43371
CG43376,FBgn0263206,CG43376
CG43393,FBgn0263250,CG43393
CG43401,FBgn0263320,CG43401
CG43405,FBgn0263324,CG43405
CG43438,FBgn0263386,CG43438
CG43447,FBgn0263401,CG43447
CG43449,FBgn0263403,CG43449
CG43450,FBgn0263404,CG43450
CG43638,FBgn0263647,CG43638
CG43672,FBgn0263747,CG43672
CG43675,FBgn0263750,CG43675
CG43691,FBgn0263774,CG43691
CG43702,FBgn0263841,CG43702
CG4372,FBgn0034665,CG4372
CG4375,FBgn0031295,CG4375
CG43750,FBgn0264081,CG43750
CG43755,FBgn0264086,CG43755
CG43760,FBgn0264260,CG43760
CG43783,FBgn0264305,CG43783
CG43796,FBgn0264340,CG43796
CG43800,FBgn0264344,CG43800
CG43814,FBgn0264362,CG43814
CG43815,FBgn0264363,CG43815
CG43843,FBgn0264395,CG43843
CG43844,FBgn0264426,CG43844
CG43845,FBgn0264427,CG43845
CG43851,FBgn0264433,CG43851
CG43880,FBgn0264472,CG43880
CG4390,FBgn0038771,CG4390
CG43915,FBgn0264516,CG43915
CG43922,FBgn0264543,CG43922
CG43935,FBgn0264563,CG43935
CG43996,FBgn0264738,CG43996
CG43997,FBgn0264739,CG43997
CG43998,FBgn0264740,CG43998
CG43999,FBgn0264741,CG43999
CG44037,FBgn0264829,CG44037
CG44044,FBgn0264836,CG44044
CG4415,FBgn0031296,gNacα
CG44158,FBgn0265041,CG44158
CG44163,FBgn0265046,CG44163
CG44227,FBgn0265158,CG44227
CG44259,FBgn0265199,CG44259
CG44271,FBgn0265257,CG44271
CG44296,FBgn0265342,COX7CL
CG44314,FBgn0265373,CG44314
CG44329,FBgn0265417,CG44329
CG44335,FBgn0265423,lncRNA:CR44335
CG44341,FBgn0265429,CG44341
CG4438,FBgn0032115,CG4438
CG44385,FBgn0265535,CG44385
CG44403,FBgn0265576,CG44403
CG44405,FBgn0265578,CG44405
CG44428,FBgn0265610,CG44428
CG44433,FBgn0265625,CG44433
CG44437,FBgn0265629,CG44437
CG44521,FBgn0265714,CG44521
CG44623,FBgn0265834,CG44623
CG4477,FBgn0035971,CG4477
CG44774,FBgn0266000,CG44774
CG4480,FBgn0032553,CG4480
CG4483,FBgn0035970,CG4483
CG4502,FBgn0031896,CG4502
CG45062,FBgn0266432,CG45062
CG45063,FBgn0266433,CG45063
CG45066,FBgn0266436,CG45066
CG45067,FBgn0266437,CG45067
CG4511,FBgn0037843,CG4511
CG45154,FBgn0266647,CG45154
CG4520,FBgn0038355,CG4520
CG45263,FBgn0266801,CG45263
CG4538,FBgn0038745,ClpX
CG45413,FBgn0266962,CG45413
CG45428,FBgn0266977,CG45428
CG4546,FBgn0038373,CG4546
CG45603,FBgn0267163,CG45603
CG45765,FBgn0267412,CG45765
CG46025,FBgn0267689,CG46025
CG4603,FBgn0035593,Yod1
CG46059,FBgn0267726,CG46059
CG4631,FBgn0032590,CG4631
CG4661,FBgn0030429,CG4661
CG4669,FBgn0035598,CG4669
CG4676,FBgn0033815,CG4676
CG4681,FBgn0069913,Tex9
CG4686,FBgn0038739,CG4686
CG4691,FBgn0028870,CG4691
CG4701,FBgn0028868,CG4701
CG4704,FBgn0039029,CG4704
CG4707,FBgn0035036,CG4707
CG4712,FBgn0033818,CG4712
CG4714,FBgn0033819,CG4714
CG4730,FBgn0039355,CG4730
CG4744,FBgn0033834,CG4744
CG4836,FBgn0270925,CG4836
CG4880,FBgn0030803,CG4880
CG4891,FBgn0028520,CG4891
CG4892,FBgn0028884,CG4892
CG4907,FBgn0039010,CG4907
CG4935,FBgn0028897,CG4935
CG4955,FBgn0030814,CG4955
CG4956,FBgn0039370,CG4956
CG4960,FBgn0039371,CG4960
CG4968,FBgn0032214,CG4968
CG4970,FBgn0032364,CG4970
CG4983,FBgn0032371,CG4983
CG4988,FBgn0032372,CG4988
CG4995,FBgn0032219,CG4995
CG5024,FBgn0039373,CG5024
CG5043,FBgn0032636,CG5043
CG5048,FBgn0036437,Dnaaf6
CG5050,FBgn0032637,CG5050
CG5056,FBgn0032231,CG5056
CG5062,FBgn0029747,CG5062
CG5071,FBgn0039347,CG5071
CG5089,FBgn0034144,CG5089
CG5103,FBgn0036784,CG5103
CG5111,FBgn0039343,CG5111
CG5122,FBgn0032471,CG5122
CG5139,FBgn0031323,CG5139
CG5144,FBgn0035957,Argk2
CG5194,FBgn0035955,CG5194
CG5213,FBgn0038345,maca
CG5217,FBgn0038694,CG5217
CG5250,FBgn0038691,CG5250
CG5265,FBgn0038486,CG5265
CG5276,FBgn0037900,CG5276
CG5280,FBgn0035952,CG5280
CG5327,FBgn0034363,CG5327
CG5334,FBgn0030577,CG5334
CG5342,FBgn0037916,CG5342
CG5347,FBgn0030578,CG5347
CG5348,FBgn0034156,CG5348
CG5388,FBgn0038944,CG5388
CG5421,FBgn0032434,CG5421
CG5435,FBgn0032431,CG5435
CG5440,FBgn0031331,CG5440
CG5478,FBgn0038386,CG5478
CG5504,FBgn0002174,CG5504
CG5509,FBgn0038054,CG5509
CG5516,FBgn0038389,CG5516
CG5539,FBgn0034907,CG5539
CG5555,FBgn0038686,CG5555
CG5556,FBgn0031332,CG5556
CG5561,FBgn0031333,CG5561
CG5565,FBgn0031335,CG5565
CG5569,FBgn0034919,NdufAF3
CG5592,FBgn0035645,CG5592
CG5612,FBgn0039529,CG5612
CG5613,FBgn0030839,ENGase
CG5614,FBgn0038359,CG5614
CG5623,FBgn0038357,CG5623
CG5653,FBgn0035943,CG5653
CG5662,FBgn0030620,CG5662
CG5664,FBgn0037082,CG5664
CG5681,FBgn0032658,CG5681
CG5693,FBgn0040989,CG5693
CG5727,FBgn0032193,CG5727
CG5762,FBgn0039190,CG5762
CG5781,FBgn0032448,CG5781
CG5790,FBgn0032677,CG5790
CG5823,FBgn0038515,CG5823
CG5860,FBgn0038506,CG5860
CG5877,FBgn0030625,CG5877
CG5886,FBgn0039379,CG5886
CG5906,FBgn0036217,CG5906
CG5964,FBgn0036206,twy
CG5968,FBgn0032588,CG5968
CG6005,FBgn0038672,CG6005
CG6013,FBgn0038675,CG6013
CG6036,FBgn0039421,Nil
CG6052,FBgn0036747,CG6052
CG6059,FBgn0039491,CG6059
CG6083,FBgn0036183,CG6083
CG6136,FBgn0038332,CG6136
CG6138,FBgn0032268,CG6138
CG6153,FBgn0032445,CG6153
CG6184,FBgn0038725,CG6184
CG6209,FBgn0033862,CG6209
CG6218,FBgn0038321,Nagk
CG6220,FBgn0033865,CG6220
CG6230,FBgn0027582,CG6230
CG6244,FBgn0036531,CG6244
CG6262,FBgn0034121,CG6262
CG6304,FBgn0032624,CG6304
CG6324,FBgn0030647,CG6324
CG6333,FBgn0036731,CG6333
CG6380,FBgn0032632,CG6380
CG6405,FBgn0032428,Fam92
CG6425,FBgn0039449,CG6425
CG6441,FBgn0031920,CG6441
CG6443,FBgn0032290,CG6443
CG6470,FBgn0030933,CG6470
CG6479,FBgn0036710,CG6479
CG6481,FBgn0030936,CG6481
CG6497,FBgn0036704,CG6497
CG6511,FBgn0035923,CG6511
CG6512,FBgn0036702,Afg3l2
CG6527,FBgn0036085,CG6527
CG6565,FBgn0032513,Stard7
CG6569,FBgn0038909,CG6569
CG6576,FBgn0035924,CG6576
CG6614,FBgn0032369,CG6614
CG6628,FBgn0036072,CG6628
CG6629,FBgn0037860,SdhCL
CG6650,FBgn0036402,CG6650
CG6652,FBgn0036687,CG6652
CG6661,FBgn0036403,CG6661
CG6664,FBgn0036685,Ccdc6
CG6674,FBgn0036063,CG6674
CG6693,FBgn0037878,CG6693
CG6701,FBgn0033889,CG6701
CG6752,FBgn0038296,Kpc1
CG6761,FBgn0036031,CG6761
CG6790,FBgn0037915,CG6790
CG6873,FBgn0030951,CG6873
CG6878,FBgn0036488,CG6878
CG6888,FBgn0036490,Prx1
CG6893,FBgn0036807,CG6893
CG6907,FBgn0031711,Elp4
CG6931,FBgn0036236,CG6931
CG6961,FBgn0030959,CG6961
CG6978,FBgn0029727,CG6978
CG6980,FBgn0039228,CG6980
CG6985,FBgn0039017,CG6985
CG6999,FBgn0030085,CG6999
CG7024,FBgn0029722,Pdha2
CG7059,FBgn0038957,CG7059
CG7069,FBgn0038952,CG7069
CG7094,FBgn0032650,CG7094
CG7131,FBgn0038598,CG7131
CG7140,FBgn0037147,CG7140
CG7164,FBgn0031946,CG7164
CG7182,FBgn0035878,CG7182
CG7183,FBgn0038583,CG7183
CG7202,FBgn0037086,CG7202
CG7208,FBgn0038575,CG7208
CG7213,FBgn0035861,CG7213
CG7218,FBgn0038569,CG7218
CG7220,FBgn0033544,CG7220
CG7222,FBgn0033551,CG7222
CG7236,FBgn0031730,CG7236
CG7251,FBgn0031723,CG7251
CG7264,FBgn0036214,CG7264
CG7276,FBgn0036499,CG7276
CG7295,FBgn0031372,CG7295
CG7309,FBgn0032314,CG7309
CG7335,FBgn0036941,CG7335
CG7352,FBgn0037581,CG7352
CG7362,FBgn0038258,CG7362
CG7366,FBgn0035855,CG7366
CG7386,FBgn0035691,CG7386
CG7387,FBgn0035852,CG7387
CG7394,FBgn0036173,CG7394
CG7414,FBgn0037135,eIF2A
CG7423,FBgn0030982,CG7423
CG7453,FBgn0030991,CG7453
CG7514,FBgn0035567,CG7514
CG7551,FBgn0036161,CG7551
CG7557,FBgn0036159,CG7557
CG7573,FBgn0036153,CG7573
CG7634,FBgn0037101,CG7634
CG7653,FBgn0028935,CG7653
CG7656,FBgn0036516,CG7656
CG7691,FBgn0038626,CG7691
CG7692,FBgn0036714,CG7692
CG7707,FBgn0036703,CG7707
CG7716,FBgn0035800,t-Grip84
CG7718,FBgn0038649,PGS1
CG7730,FBgn0036689,CG7730
CG7742,FBgn0031690,CG7742
CG7755,FBgn0034105,CG7755
CG7768,FBgn0036415,CG7768
CG7794,FBgn0038565,CG7794
CG7841,FBgn0036502,CG7841
CG7848,FBgn0034127,CG7848
CG7856,FBgn0033056,CG7856
CG7857,FBgn0026738,CG7857
CG7886,FBgn0038248,CG7886
CG7907,FBgn0038887,CG7907
CG7945,FBgn0036505,CG7945
CG7974,FBgn0035254,CG7974
CG8001,FBgn0035268,CG8001
CG8006,FBgn0035857,CG8006
CG8042,FBgn0027554,CG8042
CG8043,FBgn0037610,CG8043
CG8065,FBgn0036075,CG8065
CG8072,FBgn0036070,CG8072
CG8086,FBgn0032010,CG8086
CG8097,FBgn0030660,CG8097
CG8119,FBgn0030664,CG8119
CG8136,FBgn0037616,CG8136
CG8138,FBgn0038122,Cfap299
CG8141,FBgn0038125,CG8141
CG8197,FBgn0033369,CG8197
CG8204,FBgn0034033,CG8204
CG8219,FBgn0035693,CG8219
CG8236,FBgn0037626,CG8236
CG8237,FBgn0033350,CG8237
CG8245,FBgn0033031,CG8245
CG8252,FBgn0033344,CG8252
CG8260,FBgn0030684,CG8260
CG8292,FBgn0032004,CG8292
CG8298,FBgn0033673,CG8298
CG8336,FBgn0036020,Cyp40
CG8349,FBgn0032003,CG8349
CG8379,FBgn0037638,CG8379
CG8388,FBgn0034062,CG8388
CG8407,FBgn0033687,CG8407
CG8476,FBgn0038127,CG8476
CG8478,FBgn0037746,CG8478
CG8508,FBgn0038123,CG8508
CG8509,FBgn0030696,CG8509
CG8517,FBgn0034472,CG8517
CG8526,FBgn0037759,CG8526
CG8531,FBgn0033918,CG8531
CG8549,FBgn0035714,Sbds
CG8564,FBgn0035776,CG8564
CG8565,FBgn0030697,CG8565
CG8584,FBgn0033322,CG8584
CG8617,FBgn0033925,CG8617
CG8673,FBgn0031986,CG8673
CG8701,FBgn0033287,CG8701
CG8712,FBgn0033258,uno
CG8728,FBgn0033235,CG8728
CG8746,FBgn0033330,CG8746
CG8750,FBgn0040812,CG8750
CG8757,FBgn0036380,CG8757
CG8800,FBgn0033408,ODA-Dnal1
CG8813,FBgn0031476,CG8813
CG8838,FBgn0031526,CG8838
CG8840,FBgn0031531,CG8840
CG8851,FBgn0031546,CG8851
CG8892,FBgn0031664,CG8892
CG8908,FBgn0034493,CG8908
CG8958,FBgn0030725,CG8958
CG9010,FBgn0034173,CG9010
CG9014,FBgn0028847,CG9014
CG9016,FBgn0031751,CG9016
CG9030,FBgn0030599,CG9030
CG9072,FBgn0030614,CG9072
CG9083,FBgn0035077,CG9083
CG9101,FBgn0030622,CG9101
CG9106,FBgn0030624,CG9106
CG9123,FBgn0030629,CG9123
CG9129,FBgn0035196,Bfc
CG9133,FBgn0035198,CG9133
CG9147,FBgn0031774,CG9147
CG9173,FBgn0035218,CG9173
CG9222,FBgn0031784,CG9222
CG9254,FBgn0028513,CG9254
CG9263,FBgn0032530,CG9263
CG9272,FBgn0032907,Nthl1
CG9294,FBgn0034666,CG9294
CG9308,FBgn0034681,CG9308
CG9313,FBgn0034566,CG9313
CG9314,FBgn0032061,CatB
CG9316,FBgn0032878,CG9316
CG9389,FBgn0037064,CG9389
CG9393,FBgn0037710,CG9393
CG9406,FBgn0034592,CG9406
CG9410,FBgn0033086,CG9410
CG9445,FBgn0040674,CG9445
CG9483,FBgn0032072,CG9483
CG9500,FBgn0031804,CG9500
CG9550,FBgn0031826,CG9550
CG9570,FBgn0031085,CG9570
CG9581,FBgn0031093,CG9581
CG9582,FBgn0032090,CG9582
CG9592,FBgn0036426,CG9592
CG9624,FBgn0038213,CG9624
CG9632,FBgn0038377,CG9632
CG9641,FBgn0031483,CG9641
CG9692,FBgn0036654,CG9692
CG9722,FBgn0038209,Recs1
CG9723,FBgn0030768,Nemp
CG9737,FBgn0039758,CG9737
CG9776,FBgn0027866,CG9776
CG9777,FBgn0030764,CG9777
CG9853,FBgn0086605,CG9853
CG9855,FBgn0037242,March5
CG9861,FBgn0034844,CG9861
CG9863,FBgn0034846,CG9863
CG9875,FBgn0034850,CG9875
CG9899,FBgn0034829,CG9899
CG9920,FBgn0038200,CG9920
CG9922,FBgn0038196,CG9922
CG9934,FBgn0032467,Ube4B
CG9961,FBgn0031451,CG9961
CG9962,FBgn0031441,CG9962
CG9970,FBgn0035380,CG9970
CG9992,FBgn0030744,CG9992
CLS,FBgn0039360,CLS
CNT1,FBgn0033371,CNT1
COX4L,FBgn0033020,COX4L
COX5BL,FBgn0031831,COX5BL
COX6AL,FBgn0050093,COX6AL
COX7AL,FBgn0037579,COX7AL
CR10991,FBgn0037389,CR10991
CR11023,FBgn0031208,CR11023
CR17438,FBgn0030116,CR17438
CR30409,FBgn0050409,CR30409
CR31700,FBgn0051700,CR31700
CR31958,FBgn0051958,CR31958
CR33221,FBgn0053221,CR33221
CR33318,FBgn0053318,CR33318
CR33319,FBgn0053319,CR33319
CR34262,FBgn0085291,CR34262
CR41243,FBgn0085570,CR41243
CR41423,FBgn0085644,CR41423
CR41440,FBgn0084049,CR41440
CR42490,FBgn0086200,CR42490
CR42545,FBgn0260718,CR42545
CR42842,FBgn0262031,CR42842
CR43100,FBgn0262546,CR43100
CR43142,FBgn0262616,CR43142
CR43170,FBgn0262789,CR43170
CR43441,FBgn0263389,CR43441
CR43669,FBgn0263744,CR43669
CR43734,FBgn0263985,CR43734
CR43972,FBgn0264703,CR43972
CR43975,FBgn0264706,CR43975
CR45227,FBgn0266762,CR45227
CR45391,FBgn0266940,CR45391
CR45771,FBgn0267418,CR45771
CR45775,FBgn0267422,CR45775
CR7448,FBgn0037143,CR7448
CSN1a,FBgn0028838,CSN1a
CSN7,FBgn0028836,CSN7
CYLD,FBgn0032210,CYLD
Camp,FBgn0034210,Camp
Cand1,FBgn0027568,Cand1
Cbp20,FBgn0022943,Cbp20
Cby,FBgn0067317,Cby
Cc2d2a,FBgn0263113,Cc2d2a
Cchl,FBgn0038925,Cchl
CdGAPr,FBgn0032821,CdGAPr
Cdc23,FBgn0032863,Cdc23
Cdc27,FBgn0012058,Cdc27
Cdc37,FBgn0011573,Cdc37
Cdc7,FBgn0028360,Cdc7
Cdlc2,FBgn0026141,Cdlc2
Cep135,FBgn0036480,Cep135
Cep89,FBgn0266708,Cep89
Cep97,FBgn0031575,Cep97
ChLD3,FBgn0032598,ChLD3
Cht12,FBgn0050293,Cht12
CkIIbeta2,FBgn0026136,CkIIβ2
ClpP,FBgn0032229,ClpP
Cnx14D,FBgn0264077,Cnx14D
Cp110,FBgn0031191,Cp110
Cpr66Cb,FBgn0035875,Cpr66Cb
Crtp,FBgn0029501,Crtp
Ctr1C,FBgn0062411,Ctr1C
Cul2,FBgn0032956,Cul2
Cul3,FBgn0261268,Cul3
Cyp312a1,FBgn0036778,Cyp312a1
CysRS-m,FBgn0033900,CysRS-m
Cyt-c-d,FBgn0086907,Cyt-c-d
Cyt-c1L,FBgn0039651,Cyt-c1L
D1,FBgn0000412,D1
DIP-zeta,FBgn0051708,DIP-ζ
DJ-1alpha,FBgn0033885,DJ-1α
DUBAI,FBgn0033738,DUBAI
Den1,FBgn0033716,Den1
Dera,FBgn0033735,Dera
Dgk,FBgn0085390,Dgk
Dhc16F,FBgn0283476,Dhc16F
Dhc36C,FBgn0013810,Dhc36C
Dhc62B,FBgn0013811,Dhc62B
Dhc98D,FBgn0013813,Dhc98D
Dhod,FBgn0000447,Dhod
Diap2,FBgn0015247,Diap2
Dic2,FBgn0038797,Dic2
Dic3,FBgn0033248,Dic3
Dic4,FBgn0036808,Dic4
Dic61B,FBgn0263988,Dic61B
Dis3l2,FBgn0035111,Dis3l2
Dlc90F,FBgn0024432,Dlc90F
DnaJ-H,FBgn0032474,DnaJ-H
Dnali1,FBgn0037962,Dnali1
DppIII,FBgn0037580,DppIII
Dpy-30L2,FBgn0035491,Dpy-30L2
Drep3,FBgn0028407,Drep3
Drp1,FBgn0026479,Drp1
Duba,FBgn0036180,Duba
EAChm,FBgn0036470,EAChm
EMC8-9,FBgn0034791,EMC8-9
Eb1,FBgn0027066,Eb1
Efhc1.1,FBgn0030691,Efhc1.1
Efhc1.2,FBgn0034487,Efhc1.2
Eglp1,FBgn0034882,Eglp1
Elba3,FBgn0031621,Elba3
Erk7,FBgn0052703,Erk7
Ets96B,FBgn0039225,Ets96B
FDY,FBgn0265047,FDY
Fancm,FBgn0038889,Fancm
Fer3HCH,FBgn0030449,Fer3HCH
Fgop2,FBgn0031871,Fgop2
Fmr1,FBgn0028734,Fmr1
Frl,FBgn0267795,Frl
FucTB,FBgn0032117,FucTB
FucTD,FBgn0035217,FucTD
Fum2,FBgn0029890,Fum2
Fum3,FBgn0036162,Fum3
Fum4,FBgn0051874,Fum4
G6P,FBgn0031463,G6P
GC2,FBgn0037970,GC2
Gas8,FBgn0029667,Gas8
Gem2,FBgn0036850,Gem2
Gem4b,FBgn0052786,Gem4b
Gem4c,FBgn0052783,Gem4c
GlcAT-S,FBgn0032135,GlcAT-S
Gld2,FBgn0038934,Gld2
Glut3,FBgn0015230,Glut3
Golgin84,FBgn0039188,Golgin84
Gpdh2,FBgn0034825,Gpdh2
Gpdh3,FBgn0263048,Gpdh3
Gpo2,FBgn0033190,Gpo2
Gpo3,FBgn0028848,Gpo3
Gr59a,FBgn0045483,Gr59a
Gr64a,FBgn0045479,Gr64a
Grx1t,FBgn0034658,Grx1t
GstO1,FBgn0035907,GstO1
GstS1,FBgn0010226,GstS1
HBS1,FBgn0042712,HBS1
HP1e,FBgn0037675,HP1e
HP6,FBgn0031613,HP6
Hat1,FBgn0037376,Hat1
HemK1,FBgn0031817,HemK1
Hen1,FBgn0033686,Hen1
Hex-t1,FBgn0042711,Hex-t1
Hex-t2,FBgn0042710,Hex-t2
Hexim,FBgn0038251,Hexim
Him,FBgn0030900,Him
Hrb98DE,FBgn0001215,Hrb98DE
Hrd3,FBgn0028475,Hrd3
Hsc70-1,FBgn0001216,Hsc70-1
Hsc70-2,FBgn0001217,Hsc70-2
Hsc70-5,FBgn0001220,Hsc70-5
Hsp60B,FBgn0011244,Hsp60B
Hsp60C,FBgn0031728,Hsp60C
Hsp60D,FBgn0032525,Hsp60D
HtrA2,FBgn0038233,HtrA2
Hydr1,FBgn0033382,Hydr1
I-3,FBgn0261624,I-3
I-t,FBgn0025821,I-t
ICA69,FBgn0037050,ICA69
IFT57,FBgn0031550,IFT57
Ibf2,FBgn0037669,Ibf2
Idh3b,FBgn0038922,Idh3b
Imp,FBgn0285926,Imp
Ing5,FBgn0032516,Ing5
Inx5,FBgn0030989,Inx5
Inx6,FBgn0027107,Inx6
Ir41a,FBgn0040849,Ir41a
Ir75c,FBgn0261401,Ir75c
Ir75d,FBgn0036829,Ir75d
Ir94b,FBgn0051424,Ir94b
Iru,FBgn0037653,Iru
Iswi,FBgn0011604,Iswi
JIL-1,FBgn0020412,JIL-1
JYalpha,FBgn0267363,JYalpha
Jupiter,FBgn0051363,Jupiter
Kank,FBgn0027596,Kank
Kap-alpha1,FBgn0024889,Kap-α1
Kdm4B,FBgn0053182,Kdm4B
Kebab,FBgn0028952,Kebab
Klp10A,FBgn0030268,Klp10A
Klp3A,FBgn0011606,Klp3A
Klp59C,FBgn0034824,Klp59C
Klp59D,FBgn0034827,Klp59D
Klp67A,FBgn0004379,Klp67A
LIMK1,FBgn0283712,LIMK1
LS2,FBgn0034834,LS2
Las,FBgn0029158,Las
Lasp,FBgn0063485,Lasp
Lhr,FBgn0034217,Lhr
Lim3,FBgn0002023,Lim3
Lip2,FBgn0024740,Lip2
Lkb1,FBgn0038167,Lkb1
Lnpk,FBgn0033309,Lnpk
Lon,FBgn0036892,Lon
MAN1,FBgn0034962,MAN1
MBD-like,FBgn0027950,MBD-like
MCPH1,FBgn0260959,MCPH1
MED15,FBgn0027592,MED15
MED27,FBgn0037359,MED27
MED30,FBgn0035149,MED30
MED31,FBgn0037262,MED31
Menl-2,FBgn0029153,Menl-2
Mical,FBgn0053208,Mical
Mics1,FBgn0037506,Mics1
Mink,FBgn0039250,Mink
Miro,FBgn0039140,Miro
Mks1,FBgn0030395,Mks1
Mlf,FBgn0034051,Mlf
Mms19,FBgn0037301,Mms19
Mob4,FBgn0259483,Mob4
Mpc1,FBgn0038662,Mpc1
Mpp6,FBgn0032921,Mpp6
Mst27D,FBgn0051907,Mst27D
Mst33A,FBgn0028412,Mst33A
Mst36Fa,FBgn0086681,Mst36Fa
Mst36Fb,FBgn0261349,Mst36Fb
Mst77F,FBgn0086915,Mst77F
Mst77Y-7,FBgn0267492,Mst77Y-7
Mst84B,FBgn0037464,Mst84B
Mst84Da,FBgn0004172,Mst84Da
Mst84Db,FBgn0004173,Mst84Db
Mst87F,FBgn0002862,Mst87F
Mst89B,FBgn0020399,Mst89B
Mst98Ca,FBgn0002865,Mst98Ca
Mst98Cb,FBgn0004171,Mst98Cb
MstProx,FBgn0015770,MstProx
Mtl,FBgn0039532,Mtl
Mul1,FBgn0035483,Mul1
ND-20L,FBgn0039669,ND-20L
ND-24L,FBgn0036706,ND-24L
ND-49L,FBgn0039331,ND-49L
ND-51L1,FBgn0034251,ND-51L1
ND-51L2,FBgn0034007,ND-51L2
ND-B14.5AL,FBgn0037172,ND-B14.5AL
Naa20B,FBgn0051851,Naa20B
Naa30B,FBgn0052319,Naa30B
Naa35,FBgn0034982,Naa35
Naa40,FBgn0039687,Naa40
Nelf-E,FBgn0017430,Nelf-E
Neos,FBgn0024542,Neos
Nep5,FBgn0039478,Nep5
Neurl4,FBgn0283503,Neurl4
NiPp1,FBgn0026402,NiPp1
NimA,FBgn0261514,NimA
Nna1,FBgn0265726,Nna1
Nnf1a,FBgn0034523,Nnf1a
Noa36,FBgn0026400,Noa36
Non3,FBgn0038585,Non3
Not11,FBgn0034963,Not11
Ns4,FBgn0032882,Ns4
Ntf-2r,FBgn0032680,Ntf-2r
Ntl,FBgn0267326,Ntl
Ntmt,FBgn0033457,Ntmt
Nuf2,FBgn0031886,Nuf2
Nulp1,FBgn0027549,Nulp1
Nup160,FBgn0262647,Nup160
Nup54,FBgn0033737,Nup54
Nup58,FBgn0038722,Nup58
Nup62,FBgn0034118,Nup62
ORY,FBgn0046323,ORY
OXA1L,FBgn0027615,OXA1L
Oatp30B,FBgn0032123,Oatp30B
OdsH,FBgn0026058,OdsH
Optix,FBgn0025360,Optix
Or23a,FBgn0026395,Or23a
Or74a,FBgn0036709,Or74a
Or83c,FBgn0037399,Or83c
Oseg1,FBgn0265102,Oseg1
Osi5,FBgn0037413,Osi5
P5CDh2,FBgn0053092,P5CDh2
PGAP5,FBgn0031997,PGAP5
PI31,FBgn0033669,PI31
PICK1,FBgn0032447,PICK1
PIG-N,FBgn0033479,PIG-N
PIG-V,FBgn0265174,PIG-V
POLDIP2,FBgn0037329,POLDIP2
PPYR1,FBgn0030623,PPYR1
PRY,FBgn0267489,PRY
Paip2,FBgn0038100,Paip2
Parp16,FBgn0034129,Parp16
Pcyt2,FBgn0035231,Pcyt2
Pect,FBgn0032482,Pect
Pen,FBgn0287720,Pen
Pfdn5,FBgn0038976,Pfdn5
Pfdn6,FBgn0036918,Pfdn6
Pfk,FBgn0003071,Pfk
Pgam5-2,FBgn0035004,Pgam5-2
Pglym87,FBgn0011270,Pgam2
Pgm2a,FBgn0033377,Pgm2a
Pgm2b,FBgn0033969,Pgm2b
Phlpp,FBgn0032749,Phlpp
Pi4KIIalpha,FBgn0037339,Pi4KIIα
Pif1B,FBgn0046874,Pif1B
Pif2,FBgn0046873,Pif2
Pk34A,FBgn0028410,Pk34A
Pka-C2,FBgn0000274,Pka-C2
Pka-C3,FBgn0000489,Pka-C3
Pkd2,FBgn0041195,Pkd2
Plap,FBgn0024314,Plap
Pms2,FBgn0011660,Pms2
Poc1,FBgn0036354,Poc1
Pof,FBgn0035047,Pof
Pop2,FBgn0036239,Pop2
Porin2,FBgn0069354,Porin2
Pp1-13C,FBgn0003132,Pp1-13C
Pp1-Y2,FBgn0046698,Pp1-Y2
PpD3,FBgn0005777,PpD3
PpD5,FBgn0005778,PpD5
PpD6,FBgn0005779,PpD6
PpN58A,FBgn0025573,PpN58A
PpY-55A,FBgn0003140,PpY-55A
Ppi1,FBgn0051025,Ppi1
Ppm1,FBgn0035143,Ppm1
Ppox,FBgn0020018,Ppox
Ppr-Y,FBgn0046697,Ppr-Y
Prosalpha3T,FBgn0261395,Prosα3T
Prosalpha4T1,FBgn0265606,Prosα4T1
Prosalpha4T2,FBgn0017556,Prosα4T2
Prosalpha6T,FBgn0032492,Prosα6T
Prosbeta2R1,FBgn0029812,Prosβ2R1
Prosbeta2R2,FBgn0037296,Prosβ2R2
Prosbeta4R1,FBgn0031442,Prosβ4R1
Prosbeta4R2,FBgn0031443,Prosβ4R2
Prosbeta5R1,FBgn0034842,Prosβ5R1
Prosbeta5R2,FBgn0051742,Prosβ5R2
ProtA,FBgn0013300,ProtA
ProtB,FBgn0013301,ProtB
Prtl99C,FBgn0039707,Prtl99C
Psa,FBgn0261243,Psa
Pstk,FBgn0031041,Pstk
Pzl,FBgn0267430,Pzl
Qsox1,FBgn0033814,Qsox1
Rab3-GAP,FBgn0027505,Rab3-GAP
Rab30,FBgn0031882,Rab30
Rab9D,FBgn0067052,Rab9D
Rab9Db,FBgn0030221,Rab9Db
Rab9E,FBgn0052673,Rab9E
Rab9Fa,FBgn0052671,Rab9Fa
Rab9Fb,FBgn0052670,Rab9Fb
RabX2,FBgn0030200,RabX2
RacGAP84C,FBgn0045843,RacGAP84C
Rad60,FBgn0039065,Rad60
Ran-like,FBgn0036497,Ran-like
RanBP3,FBgn0039110,RanBP3
RanGAP,FBgn0003346,RanGAP
Ranbp16,FBgn0053180,Ranbp16
Ranbp9,FBgn0037894,Ipo9
Rb97D,FBgn0004903,Rb97D
Rbbp5,FBgn0036973,Rbbp5
Rbp4,FBgn0010258,Rbp4
Rcd-1,FBgn0031047,Rcd-1
Rcd-1r,FBgn0032089,Rcd-1r
Rcd7,FBgn0260461,Rcd7
ReepA,FBgn0261564,ReepA
Reepl1,FBgn0030313,Reepl1
Ref2,FBgn0032439,Ref2
Rexo5,FBgn0286051,Rexo5
Rhau,FBgn0032883,Rhau
RhoGEF3,FBgn0264707,RhoGEF3
Rnf146,FBgn0036897,Rnf146
Roc1b,FBgn0040291,Roc1b
Roe1,FBgn0014877,Roe1
RpII18,FBgn0003275,Polr2F
RpL10Aa,FBgn0038281,RpL10Aa
RpL22-like,FBgn0034837,RpL22-like
RpL37b,FBgn0034822,RpL37-2
RpS10a,FBgn0027494,RpS10a
RpS19b,FBgn0039129,RpS19b
Rpn12R,FBgn0036465,Rpn12R
Rpn13R,FBgn0029745,Rpn13R
Rpp14b,FBgn0039744,Rpp14b
Rpt3R,FBgn0037742,Rpt3R
Rpt4R,FBgn0036224,Rpt4R
Rpt6R,FBgn0039788,Rpt6R
Rrp6,FBgn0038269,Rrp6
Rsbp15,FBgn0038000,Rsbp15
Rsph1,FBgn0032478,Rsph1
Rsph3,FBgn0052392,Rsph3
Rsph4a,FBgn0034957,Rsph4a
Rsph9,FBgn0051803,Rsph9
Rtf1,FBgn0034722,Rtf1
Rtnl2,FBgn0015831,Rtnl2
S-Lap1,FBgn0035915,S-Lap1
S-Lap2,FBgn0052351,S-Lap2
S-Lap3,FBgn0045770,S-Lap3
S-Lap4,FBgn0052064,S-Lap4
S-Lap5,FBgn0033860,S-Lap5
S-Lap7,FBgn0033868,S-Lap7
S-Lap8,FBgn0034132,S-Lap8
SA-2,FBgn0043865,SA2
SAK,FBgn0026371,SAK
SCCRO,FBgn0036510,SCCRO
SCCRO3,FBgn0033784,SCCRO3
SCCRO4,FBgn0036967,SCCRO4
SMC5,FBgn0052438,SMC5
SMSr,FBgn0052380,SMSr
Sac1,FBgn0283500,Sac1
Sas-6,FBgn0039731,Sas-6
Sbat,FBgn0051950,Sbat
Sbf,FBgn0025802,Sbf
Scsalpha2,FBgn0038708,Scsα2
SdhAL,FBgn0036222,SdhAL
SdhBL,FBgn0030975,SdhBL
Sdic1,FBgn0067861,Sdic1
Sdic2,FBgn0053497,Sdic2
Sdic4,FBgn0053499,Sdic4
Sgt,FBgn0032640,Sgt
Sgt1,FBgn0265101,Sgt1
Sirt2,FBgn0038788,Sirt2
Skadu,FBgn0259922,Skadu
Ski6,FBgn0032487,Ski6
SkpB,FBgn0026176,SkpB
SkpD,FBgn0026174,SkpD
SkpE,FBgn0031074,SkpE
SkpF,FBgn0034863,SkpF
Slc25A46b,FBgn0032664,Slc25A46b
Sld5,FBgn0039403,Sld5
Slmap,FBgn0040011,Slmap
SmD1,FBgn0261933,SmD1
Smn,FBgn0036641,Smn
Smurf,FBgn0029006,Smurf
Smyd4-1,FBgn0033427,Smyd4-1
Smyd4-4,FBgn0027495,Smyd4-4
Snp,FBgn0265192,Snp
Spag1,FBgn0039463,Spag1
Spc105R,FBgn0037025,Spc105R
Spn42Dc,FBgn0033113,Spn42Dc
Spn47C,FBgn0033574,Spn47C
Sprn,FBgn0036218,Sprn
Sr-CII,FBgn0020377,Sr-CII
Srlp,FBgn0038049,Srlp
Srpk79D,FBgn0025702,Srpk79D
Ssl,FBgn0015300,Ssl
Stoml2,FBgn0034936,Stoml2
Strip,FBgn0035437,Strip
Su(Ste):CR42422,FBgn0259853,Su(Ste):CR42422
Svil,FBgn0266696,Svil
Syp,FBgn0038826,Syp
TBC1D23,FBgn0031304,TBC1D23
TSG101,FBgn0036666,TSG101
TTLL1A,FBgn0030823,TTLL1A
TTLL1B,FBgn0052238,TTLL1B
TTLL3B,FBgn0031853,TTLL3B
TTLL4A,FBgn0026147,TTLL4A
TTLL4B,FBgn0031574,TTLL4B
TTLL5,FBgn0051108,TTLL5
TTLL6A,FBgn0034459,TTLL6A
TTLL6B,FBgn0039501,TTLL6B
Taf12L,FBgn0031623,Taf12L
Taf13,FBgn0032847,Taf13
Tailor,FBgn0037470,Tailor
Tango11,FBgn0050404,Tango11
TbCMF46,FBgn0032163,TbCMF46
Tbce,FBgn0033055,Tbce
Tektin-A,FBgn0028902,Tektin-A
Tektin-C,FBgn0035638,Tektin-C
Tengl1,FBgn0051682,Tengl1
Tengl2,FBgn0052463,Tengl2
Tengl3,FBgn0051679,Tengl3
Tengl4,FBgn0037857,Tengl4
TfIIA-S-2,FBgn0040338,TfIIA-S-2
TfIIB,FBgn0004915,TfIIB
Theg,FBgn0038921,Theg
Tim10,FBgn0027360,Tim10
Tim13,FBgn0036204,Tim13
Tim17a1,FBgn0038018,Tim17a1
Tim17a2,FBgn0037307,Tim17a2
Tim17b1,FBgn0037310,Tim17b1
Tim17b2,FBgn0020371,Tim17b2
Tim23,FBgn0267976,Tim23
Tim8,FBgn0027359,Tim8
Tim9a,FBgn0030480,Tim9a
Tmem18,FBgn0050051,Tmem18
Tom20,FBgn0036928,Tom20
Tom70,FBgn0032397,Tom70
Topors,FBgn0267351,Topors
Tpc2,FBgn0035078,Tpc2
Tpl94D,FBgn0051281,Tpl94D
Tpr2,FBgn0032586,Tpr2
Trap1,FBgn0026761,Trap1
Tret1-2,FBgn0033644,Tret1l
Trf,FBgn0010287,Trf
Trf4,FBgn0031444,Trf4
Trf4-2,FBgn0039251,Trf4-2
TrpRS,FBgn0010803,TrpRS
TrpRS-m,FBgn0036763,TrpRS-m
TrxT,FBgn0029752,TrxT
Trxr-2,FBgn0037170,Trxr2
Tsen54,FBgn0036266,Tsen54
Tsp33B,FBgn0032376,Tsp33B
Tsp42A,FBgn0033042,Tsp42A
TwdlV,FBgn0037227,TwdlV
Twdlalpha,FBgn0052574,Twdlα
UQCR-14L,FBgn0039576,UQCR-14L
Ubc2,FBgn0015320,Ubc2
Ubc4,FBgn0015321,Ubc4
Ubc84D,FBgn0017456,Ubc84D
Ubc87F,FBgn0267383,Ubc87F
UbcE2M,FBgn0035853,UbcE2M
Ube3a,FBgn0061469,Ube3a
Ubi-p63E,FBgn0003943,Ubi-p63E
Ublcp1,FBgn0027526,Ublcp1
Uch,FBgn0010288,Uch
Uch-L5,FBgn0011327,Uch-L5
Uch-L5R,FBgn0030370,Uch-L5R
Ucp4C,FBgn0031757,Ucp4C
Ufd1-like,FBgn0036136,Ufd1
Ufd4,FBgn0032208,Ufd4
Ugt305A1,FBgn0042179,Ugt305A1
Upf3,FBgn0034923,Upf3
Uros2,FBgn0038361,Uros2
Usp2,FBgn0031187,Usp2
Usp20-33,FBgn0033916,Usp20-33
Usp30,FBgn0029819,Usp30
Usp7,FBgn0030366,Usp7
ValRS-m,FBgn0035942,ValRS-m
Vha100-3,FBgn0028669,Vha100-3
Vha14-2,FBgn0037402,Vha14-2
Vha16-2,FBgn0028668,Vha16-2
Vha16-3,FBgn0028667,Vha16-3
Vha16-4,FBgn0262513,Vha16-4
Vha16-5,FBgn0032294,Vha16-5
Vha36-2,FBgn0033706,Vha36-2
Vha68-3,FBgn0032464,Vha68-3
VhaAC39-2,FBgn0039058,VhaAC39-2
VhaM9.7-d,FBgn0038458,VhaM9.7-d
VhaPPA1-2,FBgn0262514,VhaPPA1-2
Vps13B,FBgn0039727,Vps13B
Vps28,FBgn0021814,Vps28
Vps8,FBgn0035704,Vps8
Vrp1,FBgn0243516,Vrp1
Vsp37A,FBgn0016038,Vsp37A
WDY,FBgn0267449,WDY
Wdr59,FBgn0032339,Wdr59
Wdr92,FBgn0036771,Wdr92
Wee1,FBgn0011737,Wee1
Wnt2,FBgn0004360,Wnt2
YME1L,FBgn0034792,YME1L
Z600,FBgn0004052,Z600
Zif,FBgn0037446,Zif
Zmynd10,FBgn0266709,Zmynd10
ZnT33D,FBgn0051860,ZnT33D
achi,FBgn0033749,achi
adp,FBgn0000057,adp
aft,FBgn0026309,aft
alph,FBgn0086361,alph
alpha-Est3,FBgn0015571,α-Est3
alpha-Est6,FBgn0015574,α-Est6
alphaKap4,FBgn0035657,αKap4
alphaTub84D,FBgn0003885,αTub84D
alphaTub85E,FBgn0003886,αTub85E
aly,FBgn0004372,aly
ana,FBgn0011746,ana
ana1,FBgn0262167,ana1
asRNA:CR31429,FBgn0063298,asRNA:CR31429
asRNA:CR32252,FBgn0052252,asRNA:CR32252
asRNA:CR42743,FBgn0261707,asRNA:CR42743
asRNA:CR43152,FBgn0262682,asRNA:CR43152
asRNA:CR43159,FBgn0262689,asRNA:CR43159
asRNA:CR43160,FBgn0262690,asRNA:CR43160
asRNA:CR43299,FBgn0262991,asRNA:CR43299
asRNA:CR43413,FBgn0263332,asRNA:CR43413
asRNA:CR43433,FBgn0263381,asRNA:CR43433
asRNA:CR43465,FBgn0263442,asRNA:CR43465
asRNA:CR43466,FBgn0263443,asRNA:CR43466
asRNA:CR43476,FBgn0263453,asRNA:CR43476
asRNA:CR43477,FBgn0263454,asRNA:CR43477
asRNA:CR43478,FBgn0263455,asRNA:CR43478
asRNA:CR43637,FBgn0263628,asRNA:CR43637
asRNA:CR43728,FBgn0263976,asRNA:CR43728
asRNA:CR43787,FBgn0264328,asRNA:CR43787
asRNA:CR43812,FBgn0264360,asRNA:CR43812
asRNA:CR43824,FBgn0264372,asRNA:CR43824
asRNA:CR43876,FBgn0264468,asRNA:CR43876
asRNA:CR43885,FBgn0264477,asRNA:CR43885
asRNA:CR43903,FBgn0264504,asRNA:CR43903
asRNA:CR44027,FBgn0264819,asRNA:CR44027
asRNA:CR44045,FBgn0264837,asRNA:CR44045
asRNA:CR44064,FBgn0264873,asRNA:CR44064
asRNA:CR44160,FBgn0265043,asRNA:CR44160
asRNA:CR44182,FBgn0265071,asRNA:CR44182
asRNA:CR44201,FBgn0265096,asRNA:CR44201
asRNA:CR44207,FBgn0265105,asRNA:CR44207
asRNA:CR44237,FBgn0265168,asRNA:CR44237
asRNA:CR44267,FBgn0265253,asRNA:CR44267
asRNA:CR44287,FBgn0265314,asRNA:CR44287
asRNA:CR44293,FBgn0265339,asRNA:CR44293
asRNA:CR44304,FBgn0265363,asRNA:CR44304
asRNA:CR44358,FBgn0265458,asRNA:CR44358
asRNA:CR44370,FBgn0265508,asRNA:CR44370
asRNA:CR44372,FBgn0265510,asRNA:CR44372
asRNA:CR44600,FBgn0265811,asRNA:CR44600
asRNA:CR44818,FBgn0266065,asRNA:CR44818
asRNA:CR44866,FBgn0266160,asRNA:CR44866
asRNA:CR45026,FBgn0266384,asRNA:CR45026
asRNA:CR45044,FBgn0266404,asRNA:CR45044
asRNA:CR45046,FBgn0266406,asRNA:CR45046
asRNA:CR45056,FBgn0266416,asRNA:CR45056
asRNA:CR45104,FBgn0266565,asRNA:CR45104
asRNA:CR45121,FBgn0266596,asRNA:CR45121
asRNA:CR45151,FBgn0266644,asRNA:CR45151
asRNA:CR45162,FBgn0266655,asRNA:CR45162
asRNA:CR45260,FBgn0266798,asRNA:CR45260
asRNA:CR45281,FBgn0266819,asRNA:CR45281
asRNA:CR45686,FBgn0267246,asRNA:CR45686
asRNA:CR45738,FBgn0267302,asRNA:CR45738
asRNA:CR45778,FBgn0267425,asRNA:CR45778
asRNA:CR45797,FBgn0267447,asRNA:CR45797
asRNA:CR45812,FBgn0267462,asRNA:CR45812
asRNA:CR45832,FBgn0267482,asRNA:CR45832
asRNA:CR45886,FBgn0267546,asRNA:CR45886
asRNA:CR46049,FBgn0267716,asRNA:CR46049
asRNA:CR46054,FBgn0267721,asRNA:CR46054
asRNA:CR46069,FBgn0267738,asRNA:CR46069
asl,FBgn0261004,asl
aurA,FBgn0000147,aurA
aust,FBgn0032104,aust
ave,FBgn0050476,ave
axed,FBgn0035708,axed
azot,FBgn0033238,azot
barr,FBgn0014127,barr
bb8,FBgn0039071,bb8
bel,FBgn0263231,bel
betaNACtes1,FBgn0030538,βNACtes1
betaNACtes2,FBgn0030563,βNACtes2
betaNACtes3,FBgn0052601,βNACtes3
betaNACtes4,FBgn0030566,βNACtes4
betaNACtes5,FBgn0262163,βNACtes5
betaNACtes6,FBgn0052598,βNACtes6
betaTub85D,FBgn0003889,βTub85D
bgcn,FBgn0004581,bgcn
blanks,FBgn0035608,blanks
boil,FBgn0029730,boil
bol,FBgn0011206,bol
boly,FBgn0050362,boly
bor,FBgn0287225,bor
brv1,FBgn0036874,brv1
brv2,FBgn0036712,brv2
brv3,FBgn0040333,brv3
c-cup,FBgn0031367,c-cup
can,FBgn0011569,can
cana,FBgn0040233,cana
capu,FBgn0000256,capu
casp,FBgn0034068,casp
cav,FBgn0026257,cav
cdc14,FBgn0031952,Cdc14
cep290,FBgn0035168,Cep290
chb,FBgn0021760,chb
chinmo,FBgn0086758,chinmo
cmb,FBgn0036365,cmb
cmet,FBgn0040232,cmet
cnn,FBgn0013765,cnn
cocoon,FBgn0036496,cocoon
coil,FBgn0033265,coil
comr,FBgn0034667,comr
cona,FBgn0038612,cona
corolla,FBgn0267967,corolla
croc,FBgn0014143,croc
d-cup,FBgn0038089,d-cup
d4,FBgn0033015,d4
dany,FBgn0050401,dany
ddbt,FBgn0284444,ddbt
del,FBgn0086251,del
didum,FBgn0261397,didum
dila,FBgn0033447,dila
dj,FBgn0019828,dj
djl,FBgn0037463,djl
dmrt93B,FBgn0038851,dmrt93B
dpr16,FBgn0037295,dpr16
dpr17,FBgn0051361,dpr17
dsh,FBgn0000499,dsh
dtr,FBgn0023090,dtr
e(y)2b,FBgn0040670,e(y)2b
eIF3d2,FBgn0037994,eIF3d2
eIF3f2,FBgn0033069,eIF3f2
eIF3g2,FBgn0038796,eIF3g2
eIF4E3,FBgn0265089,eIF4E3
eIF4E4,FBgn0035709,eIF4E4
eIF4E5,FBgn0035823,eIF4E5
eIF4E6,FBgn0039622,eIF4E6
eIF4E7,FBgn0040368,eIF4E7
eIF4G2,FBgn0260634,eIF4G2
eIF4H2,FBgn0039797,eIF4H2
eIF5B,FBgn0026259,eIF5B
eff,FBgn0011217,eff
eg,FBgn0000560,eg
elfless,FBgn0032660,elfless
elgi,FBgn0283649,elgi
endos,FBgn0061515,endos
exu,FBgn0000615,exu
f-cup,FBgn0028487,f-cup
fal,FBgn0028380,fal
fan,FBgn0028379,fan
fest,FBgn0034435,fest
fig,FBgn0039694,fig
fs(1)Yb,FBgn0000928,fs(1)Yb
ftz,FBgn0001077,ftz
fzo,FBgn0011596,fzo
fzr2,FBgn0034937,fzr2
gdl,FBgn0001099,gdl
gish,FBgn0250823,gish
glob2,FBgn0250846,glob2
glob3,FBgn0037385,glob3
goddard,FBgn0036438,gdrd
gom,FBgn0029084,gom
grsm,FBgn0040493,grsm
gsb-n,FBgn0001147,gsb-n
gskt,FBgn0046332,gskt
gudu,FBgn0031905,gudu
h-cup,FBgn0038334,h-cup
hale,FBgn0036924,hale
heph,FBgn0011224,heph
hmw,FBgn0038607,hmw
hog,FBgn0266710,hog
holn1,FBgn0032250,holn1
hpRNA:CR32207,FBgn0052207,hpRNA:CR32207
hydra,FBgn0031128,hydra
isopeptidase-T-3,FBgn0028372,Kpc2
janA,FBgn0001280,janA
janB,FBgn0001281,janB
jar,FBgn0011225,jar
jb,FBgn0031104,jb
jnj,FBgn0266282,SMC6
karr,FBgn0040784,karr
kat-60L1,FBgn0037375,kat-60L1
kermit,FBgn0010504,kermit
kin17,FBgn0024887,kin17
kl-2,FBgn0001313,kl-2
kl-3,FBgn0267432,kl-3
kl-5,FBgn0267433,kl-5
kmg,FBgn0032473,kmg
knon,FBgn0285943,knon
koko,FBgn0264816,koko
ktub,FBgn0015721,ktub
l(1)10Bb,FBgn0001491,l(1)10Bb
l(2)41Ab,FBgn0262123,l(2)41Ab
l(2)k10201,FBgn0016970,l(2)k10201
laf,FBgn0020280,laf
lgs,FBgn0039907,lgs
lili,FBgn0027539,lili
lmd,FBgn0039039,lmd
lncRNA:CR32582,FBgn0052582,lncRNA:CR32582
lncRNA:CR32652,FBgn0052652,lncRNA:CR32652
lncRNA:CR32657,FBgn0052657,lncRNA:CR32657
lncRNA:CR32658,FBgn0040859,lncRNA:CR32658
lncRNA:CR32661,FBgn0030356,lncRNA:CR32661
lncRNA:CR32690,FBgn0052690,lncRNA:CR32690
lncRNA:CR32835,FBgn0052835,lncRNA:CR32835
lncRNA:CR33218,FBgn0053218,lncRNA:CR33218
lncRNA:CR33987,FBgn0053987,lncRNA:CR33987
lncRNA:CR40053,FBgn0058053,lncRNA:CR40053
lncRNA:CR40172,FBgn0058172,lncRNA:CR40172
lncRNA:CR40465,FBgn0250817,lncRNA:CR40465
lncRNA:CR41443,FBgn0084008,lncRNA:CR41443
lncRNA:CR41601,FBgn0085812,lncRNA:CR41601
lncRNA:CR42646,FBgn0261429,lncRNA:CR42646
lncRNA:CR42657,FBgn0261522,lncRNA:CR42657
lncRNA:CR42696,FBgn0261586,lncRNA:CR42696
lncRNA:CR42756,FBgn0261814,lncRNA:CR42756
lncRNA:CR42767,FBgn0261835,lncRNA:CR42767
lncRNA:CR42836,FBgn0262025,lncRNA:CR42836
lncRNA:CR42844,FBgn0262033,lncRNA:CR42844
lncRNA:CR42850,FBgn0262097,lncRNA:CR42850
lncRNA:CR42858,FBgn0262105,lncRNA:CR42858
lncRNA:CR42859,FBgn0262106,lncRNA:CR42859
lncRNA:CR43053,FBgn0262355,lncRNA:CR43053
lncRNA:CR43097,FBgn0262543,lncRNA:CR43097
lncRNA:CR43132,FBgn0262606,lncRNA:CR43132
lncRNA:CR43150,FBgn0262680,lncRNA:CR43150
lncRNA:CR43151,FBgn0262681,lncRNA:CR43151
lncRNA:CR43157,FBgn0262687,lncRNA:CR43157
lncRNA:CR43174,FBgn0267794,lncRNA:CR43174
lncRNA:CR43199,FBgn0262828,lncRNA:CR43199
lncRNA:CR43247,FBgn0262892,lncRNA:CR43247
lncRNA:CR43252,FBgn0262897,lncRNA:CR43252
lncRNA:CR43253,FBgn0262898,lncRNA:CR43253
lncRNA:CR43258,FBgn0262903,lncRNA:CR43258
lncRNA:CR43260,FBgn0262905,lncRNA:CR43260
lncRNA:CR43263,FBgn0262944,lncRNA:CR43263
lncRNA:CR43264,FBgn0262945,lncRNA:CR43264
lncRNA:CR43278,FBgn0262967,lncRNA:CR43278
lncRNA:CR43279,FBgn0262968,lncRNA:CR43279
lncRNA:CR43280,FBgn0262969,lncRNA:CR43280
lncRNA:CR43282,FBgn0262971,lncRNA:CR43282
lncRNA:CR43297,FBgn0262989,lncRNA:CR43297
lncRNA:CR43304,FBgn0262996,lncRNA:CR43304
lncRNA:CR43306,FBgn0262998,lncRNA:CR43306
lncRNA:CR43356,FBgn0263088,lncRNA:CR43356
lncRNA:CR43372,FBgn0263130,lncRNA:CR43372
lncRNA:CR43387,FBgn0263217,lncRNA:CR43387
lncRNA:CR43408,FBgn0263327,lncRNA:CR43408
lncRNA:CR43409,FBgn0263328,lncRNA:CR43409
lncRNA:CR43410,FBgn0263329,lncRNA:CR43410
lncRNA:CR43414,FBgn0263333,lncRNA:CR43414
lncRNA:CR43415,FBgn0263334,lncRNA:CR43415
lncRNA:CR43416,FBgn0263335,lncRNA:CR43416
lncRNA:CR43419,FBgn0263338,lncRNA:CR43419
lncRNA:CR43424,FBgn0263343,lncRNA:CR43424
lncRNA:CR43436,FBgn0263384,lncRNA:CR43436
lncRNA:CR43437,FBgn0263385,lncRNA:CR43437
lncRNA:CR43451,FBgn0263405,lncRNA:CR43451
lncRNA:CR43475,FBgn0263452,lncRNA:CR43475
lncRNA:CR43484,FBgn0263495,lncRNA:CR43484
lncRNA:CR43485,FBgn0263496,lncRNA:CR43485
lncRNA:CR43495,FBgn0263506,lncRNA:CR43495
lncRNA:CR43498,FBgn0263509,lncRNA:CR43498
lncRNA:CR43605,FBgn0263802,lncRNA:CR43605
lncRNA:CR43608,FBgn0263583,lncRNA:CR43608
lncRNA:CR43610,FBgn0263585,CG43610
lncRNA:CR43620,FBgn0263611,lncRNA:CR43620
lncRNA:CR43621,FBgn0263612,lncRNA:CR43621
lncRNA:CR43625,FBgn0263616,lncRNA:CR43625
lncRNA:CR43627,FBgn0263618,lncRNA:CR43627
lncRNA:CR43639,FBgn0263648,lncRNA:CR43639
lncRNA:CR43649,FBgn0263658,lncRNA:CR43649
lncRNA:CR43652,FBgn0263661,lncRNA:CR43652
lncRNA:CR43656,FBgn0263665,lncRNA:CR43656
lncRNA:CR43681,FBgn0263764,lncRNA:CR43681
lncRNA:CR43682,FBgn0263765,lncRNA:CR43682
lncRNA:CR43684,FBgn0263767,lncRNA:CR43684
lncRNA:CR43705,FBgn0263844,lncRNA:CR43705
lncRNA:CR43718,FBgn0263871,lncRNA:CR43718
lncRNA:CR43761,FBgn0264261,lncRNA:CR43761
lncRNA:CR43762,FBgn0264262,lncRNA:CR43762
lncRNA:CR43763,FBgn0264263,lncRNA:CR43763
lncRNA:CR43764,FBgn0264264,lncRNA:CR43764
lncRNA:CR43768,FBgn0264268,lncRNA:CR43768
lncRNA:CR43785,FBgn0264310,lncRNA:CR43785
lncRNA:CR43802,FBgn0264346,lncRNA:CR43802
lncRNA:CR43803,FBgn0264347,lncRNA:CR43803
lncRNA:CR43804,FBgn0264348,lncRNA:CR43804
lncRNA:CR43807,FBgn0264351,lncRNA:CR43807
lncRNA:CR43810,FBgn0264358,lncRNA:CR43810
lncRNA:CR43818,FBgn0264366,lncRNA:CR43818
lncRNA:CR43819,FBgn0264367,lncRNA:CR43819
lncRNA:CR43821,FBgn0264369,lncRNA:CR43821
lncRNA:CR43823,FBgn0264371,lncRNA:CR43823
lncRNA:CR43830,FBgn0264378,lncRNA:CR43830
lncRNA:CR43839,FBgn0264391,lncRNA:CR43839
lncRNA:CR43840,FBgn0264392,lncRNA:CR43840
lncRNA:CR43846,FBgn0264428,lncRNA:CR43846
lncRNA:CR43847,FBgn0264429,lncRNA:CR43847
lncRNA:CR43848,FBgn0264430,lncRNA:CR43848
lncRNA:CR43849,FBgn0264431,lncRNA:CR43849
lncRNA:CR43853,FBgn0264435,lncRNA:CR43853
lncRNA:CR43863,FBgn0264445,lncRNA:CR43863
lncRNA:CR43878,FBgn0264470,lncRNA:CR43878
lncRNA:CR43884,FBgn0264476,lncRNA:CR43884
lncRNA:CR43905,FBgn0264506,lncRNA:CR43905
lncRNA:CR43909,FBgn0264510,lncRNA:CR43909
lncRNA:CR43939,FBgn0264567,lncRNA:CR43939
lncRNA:CR43940,FBgn0264568,lncRNA:CR43940
lncRNA:CR43941,FBgn0264569,lncRNA:CR43941
lncRNA:CR43942,FBgn0264570,lncRNA:CR43942
lncRNA:CR43950,FBgn0264601,lncRNA:CR43950
lncRNA:CR43966,FBgn0264697,lncRNA:CR43966
lncRNA:CR43977,FBgn0264708,lncRNA:CR43977
lncRNA:CR43987,FBgn0264719,lncRNA:CR43987
lncRNA:CR43988,FBgn0264720,lncRNA:CR43988
lncRNA:CR44032,FBgn0264824,lncRNA:CR44032
lncRNA:CR44033,FBgn0264825,lncRNA:CR44033
lncRNA:CR44034,FBgn0264826,lncRNA:CR44034
lncRNA:CR44036,FBgn0264828,lncRNA:CR44036
lncRNA:CR44048,FBgn0264840,lncRNA:CR44048
lncRNA:CR44055,FBgn0264864,lncRNA:CR44055
lncRNA:CR44058,FBgn0264867,lncRNA:CR44058
lncRNA:CR44059,FBgn0264868,lncRNA:CR44059
lncRNA:CR44068,FBgn0264877,lncRNA:CR44068
lncRNA:CR44075,FBgn0264884,lncRNA:CR44075
lncRNA:CR44076,FBgn0264885,lncRNA:CR44076
lncRNA:CR44081,FBgn0264890,lncRNA:CR44081
lncRNA:CR44105,FBgn0264914,lncRNA:CR44105
lncRNA:CR44110,FBgn0264941,lncRNA:CR44110
lncRNA:CR44112,FBgn0264943,lncRNA:CR44112
lncRNA:CR44125,FBgn0264956,lncRNA:CR44125
lncRNA:CR44126,FBgn0264957,lncRNA:CR44126
lncRNA:CR44131,FBgn0264980,lncRNA:CR44131
lncRNA:CR44136,FBgn0264985,lncRNA:CR44136
lncRNA:CR44143,FBgn0264992,lncRNA:CR44143
lncRNA:CR44156,FBgn0265039,lncRNA:CR44156
lncRNA:CR44166,FBgn0265051,lncRNA:CR44166
lncRNA:CR44170,FBgn0265059,lncRNA:CR44170
lncRNA:CR44175,FBgn0265064,lncRNA:CR44175
lncRNA:CR44178,FBgn0265067,lncRNA:CR44178
lncRNA:CR44184,FBgn0265073,lncRNA:CR44184
lncRNA:CR44191,FBgn0265080,lncRNA:CR44191
lncRNA:CR44196,FBgn0265085,lncRNA:CR44196
lncRNA:CR44208,FBgn0265106,lncRNA:CR44208
lncRNA:CR44212,FBgn0265143,lncRNA:CR44212
lncRNA:CR44214,FBgn0265145,lncRNA:CR44214
lncRNA:CR44219,FBgn0265150,lncRNA:CR44219
lncRNA:CR44225,FBgn0265156,lncRNA:CR44225
lncRNA:CR44226,FBgn0265157,lncRNA:CR44226
lncRNA:CR44241,FBgn0265176,lncRNA:CR44241
lncRNA:CR44269,FBgn0265255,lncRNA:CR44269
lncRNA:CR44278,FBgn0265305,lncRNA:CR44278
lncRNA:CR44302,FBgn0265348,lncRNA:CR44302
lncRNA:CR44305,FBgn0265364,lncRNA:CR44305
lncRNA:CR44308,FBgn0265367,lncRNA:CR44308
lncRNA:CR44309,FBgn0265368,lncRNA:CR44309
lncRNA:CR44319,FBgn0265378,lncRNA:CR44319
lncRNA:CR44323,FBgn0265382,lncRNA:CR44323
lncRNA:CR44324,FBgn0265383,lncRNA:CR44324
lncRNA:CR44332,FBgn0265420,lncRNA:CR44332
lncRNA:CR44343,FBgn0265443,lncRNA:CR44343
lncRNA:CR44352,FBgn0265452,lncRNA:CR44352
lncRNA:CR44360,FBgn0265467,lncRNA:CR44360
lncRNA:CR44369,FBgn0265500,lncRNA:CR44369
lncRNA:CR44376,FBgn0265526,lncRNA:CR44376
lncRNA:CR44377,FBgn0265527,lncRNA:CR44377
lncRNA:CR44396,FBgn0265546,lncRNA:CR44396
lncRNA:CR44397,FBgn0265547,lncRNA:CR44397
lncRNA:CR44398,FBgn0265548,lncRNA:CR44398
lncRNA:CR44400,FBgn0265550,lncRNA:CR44400
lncRNA:CR44401,FBgn0265551,lncRNA:CR44401
lncRNA:CR44413,FBgn0265586,lncRNA:CR44413
lncRNA:CR44415,FBgn0265588,lncRNA:CR44415
lncRNA:CR44418,FBgn0265591,lncRNA:CR44418
lncRNA:CR44420,FBgn0265593,lncRNA:CR44420
lncRNA:CR44432,FBgn0265614,lncRNA:CR44432
lncRNA:CR44448,FBgn0265641,lncRNA:CR44448
lncRNA:CR44455,FBgn0265648,lncRNA:CR44455
lncRNA:CR44460,FBgn0265653,lncRNA:CR44460
lncRNA:CR44484,FBgn0265677,lncRNA:CR44484
lncRNA:CR44488,FBgn0265681,lncRNA:CR44488
lncRNA:CR44490,FBgn0265683,lncRNA:CR44490
lncRNA:CR44493,FBgn0265686,lncRNA:CR44493
lncRNA:CR44495,FBgn0265688,lncRNA:CR44495
lncRNA:CR44497,FBgn0265690,lncRNA:CR44497
lncRNA:CR44502,FBgn0265695,lncRNA:CR44502
lncRNA:CR44505,FBgn0265698,lncRNA:CR44505
lncRNA:CR44511,FBgn0265704,lncRNA:CR44511
lncRNA:CR44515,FBgn0265708,lncRNA:CR44515
lncRNA:CR44516,FBgn0265709,lncRNA:CR44516
lncRNA:CR44520,FBgn0265713,lncRNA:CR44520
lncRNA:CR44528,FBgn0265721,lncRNA:CR44528
lncRNA:CR44535,FBgn0265728,lncRNA:CR44535
lncRNA:CR44537,FBgn0265730,lncRNA:CR44537
lncRNA:CR44539,FBgn0265732,lncRNA:CR44539
lncRNA:CR44545,FBgn0265738,lncRNA:CR44545
lncRNA:CR44552,FBgn0265745,lncRNA:CR44552
lncRNA:CR44558,FBgn0265751,lncRNA:CR44558
lncRNA:CR44559,FBgn0265752,lncRNA:CR44559
lncRNA:CR44560,FBgn0265753,lncRNA:CR44560
lncRNA:CR44561,FBgn0265754,lncRNA:CR44561
lncRNA:CR44572,FBgn0265765,lncRNA:CR44572
lncRNA:CR44573,FBgn0265766,lncRNA:CR44573
lncRNA:CR44579,FBgn0265790,lncRNA:CR44579
lncRNA:CR44580,FBgn0265791,lncRNA:CR44580
lncRNA:CR44582,FBgn0265793,lncRNA:CR44582
lncRNA:CR44590,FBgn0265801,lncRNA:CR44590
lncRNA:CR44601,FBgn0265812,lncRNA:CR44601
lncRNA:CR44606,FBgn0265817,lncRNA:CR44606
lncRNA:CR44614,FBgn0265825,lncRNA:CR44614
lncRNA:CR44615,FBgn0265826,lncRNA:CR44615
lncRNA:CR44617,FBgn0265828,lncRNA:CR44617
lncRNA:CR44643,FBgn0265854,lncRNA:CR44643
lncRNA:CR44652,FBgn0265863,lncRNA:CR44652
lncRNA:CR44667,FBgn0265878,lncRNA:CR44667
lncRNA:CR44669,FBgn0265880,lncRNA:CR44669
lncRNA:CR44670,FBgn0265881,lncRNA:CR44670
lncRNA:CR44671,FBgn0265882,lncRNA:CR44671
lncRNA:CR44674,FBgn0265885,lncRNA:CR44674
lncRNA:CR44678,FBgn0265889,lncRNA:CR44678
lncRNA:CR44680,FBgn0265891,lncRNA:CR44680
lncRNA:CR44681,FBgn0265892,lncRNA:CR44681
lncRNA:CR44684,FBgn0265895,lncRNA:CR44684
lncRNA:CR44685,FBgn0265896,lncRNA:CR44685
lncRNA:CR44734,FBgn0265947,lncRNA:CR44734
lncRNA:CR44735,FBgn0265948,lncRNA:CR44735
lncRNA:CR44745,FBgn0265958,lncRNA:CR44745
lncRNA:CR44750,FBgn0265963,lncRNA:CR44750
lncRNA:CR44777,FBgn0266003,lncRNA:CR44777
lncRNA:CR44778,FBgn0266004,lncRNA:CR44778
lncRNA:CR44786,FBgn0266021,lncRNA:CR44786
lncRNA:CR44794,FBgn0266029,lncRNA:CR44794
lncRNA:CR44796,FBgn0266031,lncRNA:CR44796
lncRNA:CR44803,FBgn0266038,lncRNA:CR44803
lncRNA:CR44820,FBgn0266067,lncRNA:CR44820
lncRNA:CR44823,FBgn0266070,lncRNA:CR44823
lncRNA:CR44829,FBgn0266087,lncRNA:CR44829
lncRNA:CR44834,FBgn0266097,lncRNA:CR44834
lncRNA:CR44846,FBgn0266140,lncRNA:CR44846
lncRNA:CR44852,FBgn0266146,lncRNA:CR44852
lncRNA:CR44853,FBgn0266147,lncRNA:CR44853
lncRNA:CR44861,FBgn0266155,lncRNA:CR44861
lncRNA:CR44875,FBgn0266169,lncRNA:CR44875
lncRNA:CR44893,FBgn0266198,lncRNA:CR44893
lncRNA:CR44900,FBgn0266205,lncRNA:CR44900
lncRNA:CR44902,FBgn0266207,lncRNA:CR44902
lncRNA:CR44918,FBgn0266223,lncRNA:CR44918
lncRNA:CR44919,FBgn0266224,lncRNA:CR44919
lncRNA:CR44920,FBgn0266225,lncRNA:CR44920
lncRNA:CR44921,FBgn0266226,lncRNA:CR44921
lncRNA:CR44924,FBgn0266229,lncRNA:CR44924
lncRNA:CR44925,FBgn0266230,lncRNA:CR44925
lncRNA:CR44926,FBgn0266231,lncRNA:CR44926
lncRNA:CR44927,FBgn0266232,lncRNA:CR44927
lncRNA:CR44928,FBgn0266233,lncRNA:CR44928
lncRNA:CR44937,FBgn0266242,lncRNA:CR44937
lncRNA:CR44939,FBgn0266244,lncRNA:CR44939
lncRNA:CR44943,FBgn0266248,lncRNA:CR44943
lncRNA:CR44944,FBgn0266249,lncRNA:CR44944
lncRNA:CR44950,FBgn0266255,lncRNA:CR44950
lncRNA:CR44951,FBgn0266256,lncRNA:CR44951
lncRNA:CR44955,FBgn0266260,lncRNA:CR44955
lncRNA:CR44983,FBgn0266318,lncRNA:CR44983
lncRNA:CR44991,FBgn0266326,lncRNA:CR44991
lncRNA:CR45020,FBgn0266378,lncRNA:CR45020
lncRNA:CR45023,FBgn0266381,lncRNA:CR45023
lncRNA:CR45025,FBgn0266383,lncRNA:CR45025
lncRNA:CR45030,FBgn0266390,lncRNA:CR45030
lncRNA:CR45031,FBgn0266391,lncRNA:CR45031
lncRNA:CR45103,FBgn0266564,lncRNA:CR45103
lncRNA:CR45172,FBgn0266682,lncRNA:CR45172
lncRNA:CR45188,FBgn0266698,lncRNA:CR45188
lncRNA:CR45191,FBgn0266701,lncRNA:CR45191
lncRNA:CR45193,FBgn0266703,lncRNA:CR45193
lncRNA:CR45199,FBgn0266726,lncRNA:CR45199
lncRNA:CR45203,FBgn0266730,lncRNA:CR45203
lncRNA:CR45224,FBgn0266751,lncRNA:CR45224
lncRNA:CR45228,FBgn0266763,lncRNA:CR45228
lncRNA:CR45234,FBgn0266769,lncRNA:CR45234
lncRNA:CR45238,FBgn0266773,lncRNA:CR45238
lncRNA:CR45246,FBgn0266781,lncRNA:CR45246
lncRNA:CR45249,FBgn0266784,lncRNA:CR45249
lncRNA:CR45259,FBgn0266797,lncRNA:CR45259
lncRNA:CR45261,FBgn0266799,lncRNA:CR45261
lncRNA:CR45279,FBgn0266817,lncRNA:CR45279
lncRNA:CR45283,FBgn0266821,lncRNA:CR45283
lncRNA:CR45286,FBgn0266824,lncRNA:CR45286
lncRNA:CR45296,FBgn0266834,lncRNA:CR45296
lncRNA:CR45303,FBgn0266841,lncRNA:CR45303
lncRNA:CR45317,FBgn0266856,lncRNA:CR45317
lncRNA:CR45318,FBgn0266857,lncRNA:CR45318
lncRNA:CR45324,FBgn0266863,lncRNA:CR45324
lncRNA:CR45331,FBgn0266870,lncRNA:CR45331
lncRNA:CR45334,FBgn0266873,lncRNA:CR45334
lncRNA:CR45335,FBgn0266874,lncRNA:CR45335
lncRNA:CR45344,FBgn0266883,lncRNA:CR45344
lncRNA:CR45353,FBgn0266893,lncRNA:CR45353
lncRNA:CR45362,FBgn0266902,lncRNA:CR45362
lncRNA:CR45379,FBgn0266928,lncRNA:CR45379
lncRNA:CR45406,FBgn0266955,lncRNA:CR45406
lncRNA:CR45410,FBgn0266959,lncRNA:CR45410
lncRNA:CR45412,FBgn0266961,lncRNA:CR45412
lncRNA:CR45414,FBgn0266963,lncRNA:CR45414
lncRNA:CR45419,FBgn0266968,lncRNA:CR45419
lncRNA:CR45422,FBgn0266971,lncRNA:CR45422
lncRNA:CR45423,FBgn0266972,lncRNA:CR45423
lncRNA:CR45429,FBgn0266978,lncRNA:CR45429
lncRNA:CR45430,FBgn0266979,lncRNA:CR45430
lncRNA:CR45431,FBgn0266980,lncRNA:CR45431
lncRNA:CR45434,FBgn0266983,lncRNA:CR45434
lncRNA:CR45436,FBgn0266985,lncRNA:CR45436
lncRNA:CR45448,FBgn0267004,lncRNA:CR45448
lncRNA:CR45464,FBgn0267020,lncRNA:CR45464
lncRNA:CR45483,FBgn0267039,lncRNA:CR45483
lncRNA:CR45502,FBgn0267058,lncRNA:CR45502
lncRNA:CR45506,FBgn0267062,lncRNA:CR45506
lncRNA:CR45521,FBgn0267077,lncRNA:CR45521
lncRNA:CR45534,FBgn0267090,lncRNA:CR45534
lncRNA:CR45537,FBgn0267097,lncRNA:CR45537
lncRNA:CR45547,FBgn0267107,lncRNA:CR45547
lncRNA:CR45550,FBgn0267110,lncRNA:CR45550
lncRNA:CR45560,FBgn0267120,lncRNA:CR45560
lncRNA:CR45562,FBgn0267122,lncRNA:CR45562
lncRNA:CR45563,FBgn0267123,lncRNA:CR45563
lncRNA:CR45568,FBgn0267128,lncRNA:CR45568
lncRNA:CR45571,FBgn0267131,lncRNA:CR45571
lncRNA:CR45573,FBgn0267133,lncRNA:CR45573
lncRNA:CR45575,FBgn0267135,lncRNA:CR45575
lncRNA:CR45576,FBgn0267136,lncRNA:CR45576
lncRNA:CR45578,FBgn0267138,lncRNA:CR45578
lncRNA:CR45580,FBgn0267140,lncRNA:CR45580
lncRNA:CR45581,FBgn0267141,lncRNA:CR45581
lncRNA:CR45583,FBgn0267143,lncRNA:CR45583
lncRNA:CR45599,FBgn0267159,lncRNA:CR45599
lncRNA:CR45622,FBgn0267182,lncRNA:CR45622
lncRNA:CR45649,FBgn0267209,lncRNA:CR45649
lncRNA:CR45652,FBgn0267212,lncRNA:CR45652
lncRNA:CR45664,FBgn0267224,lncRNA:CR45664
lncRNA:CR45675,FBgn0267235,lncRNA:CR45675
lncRNA:CR45697,FBgn0267261,lncRNA:CR45697
lncRNA:CR45699,FBgn0267263,lncRNA:CR45699
lncRNA:CR45702,FBgn0267266,lncRNA:CR45702
lncRNA:CR45707,FBgn0267271,lncRNA:CR45707
lncRNA:CR45720,FBgn0267284,lncRNA:CR45720
lncRNA:CR45726,FBgn0267290,lncRNA:CR45726
lncRNA:CR45757,FBgn0267321,lncRNA:CR45757
lncRNA:CR45762,FBgn0267400,lncRNA:CR45762
lncRNA:CR45788,FBgn0267438,lncRNA:CR45788
lncRNA:CR45803,FBgn0267453,lncRNA:CR45803
lncRNA:CR45808,FBgn0267458,lncRNA:CR45808
lncRNA:CR45821,FBgn0267471,lncRNA:CR45821
lncRNA:CR45823,FBgn0267473,lncRNA:CR45823
lncRNA:CR45877,FBgn0267537,lncRNA:CR45877
lncRNA:CR45950,FBgn0267612,lncRNA:CR45950
lncRNA:CR45956,FBgn0267618,lncRNA:CR45956
lncRNA:CR45957,FBgn0267619,lncRNA:CR45957
lncRNA:CR45976,FBgn0267638,lncRNA:CR45976
lncRNA:CR45977,FBgn0267639,lncRNA:CR45977
lncRNA:CR45978,FBgn0267640,lncRNA:CR45978
lncRNA:CR45981,FBgn0267643,lncRNA:CR45981
lncRNA:CR45982,FBgn0267644,lncRNA:CR45982
lncRNA:CR46007,FBgn0267671,lncRNA:CR46007
lncRNA:CR46010,FBgn0267674,lncRNA:CR46010
lncRNA:CR46011,FBgn0267675,lncRNA:CR46011
lncRNA:CR46016,FBgn0267680,lncRNA:CR46016
lncRNA:CR46022,FBgn0267686,lncRNA:CR46022
lncRNA:CR46023,FBgn0267687,lncRNA:CR46023
lncRNA:CR46030,FBgn0267694,lncRNA:CR46030
lncRNA:CR46039,FBgn0267706,lncRNA:CR46039
lncRNA:CR46043,FBgn0267710,lncRNA:CR46043
lncRNA:CR46046,FBgn0267713,lncRNA:CR46046
lncRNA:CR46053,FBgn0267720,lncRNA:CR46053
lncRNA:CR46063,FBgn0267732,lncRNA:CR46063
lncRNA:CR46079,FBgn0267748,lncRNA:CR46079
lncRNA:CR46080,FBgn0267749,lncRNA:CR46080
lncRNA:CR46087,FBgn0267756,lncRNA:CR46087
lncRNA:CR46111,FBgn0267780,lncRNA:CR46111
lncRNA:CR46113,FBgn0267782,lncRNA:CR46113
lncRNA:CR46116,FBgn0267785,lncRNA:CR46116
lncRNA:CR9284,FBgn0046297,lncRNA:CR9284
lncRNA:TS11,FBgn0267269,lncRNA:TS11
lncRNA:TS16,FBgn0267315,lncRNA:TS16
lncRNA:Yu,FBgn0061188,lncRNA:Yu
lobo,FBgn0083946,lobo
loopin-1,FBgn0259795,loopin-1
loqs,FBgn0032515,loqs
m-cup,FBgn0038488,m-cup
mAcon2,FBgn0037862,mAcon2
mEFTs,FBgn0032646,mEFTs
mEFTu2,FBgn0033184,mEFTu2
mRRF2,FBgn0051159,mRRF2
mRpS17,FBgn0034986,mRpS17
mad2,FBgn0035640,mad2
mbo,FBgn0026207,mbo
mei-218,FBgn0002709,mei-218
mei-S332,FBgn0002715,mei-S332
mfr,FBgn0266757,mfr
mge,FBgn0035473,mge
mia,FBgn0014342,mia
mib2,FBgn0086442,mib2
mil,FBgn0267366,mil
mip40,FBgn0034430,mip40
mkg-p,FBgn0035889,mkg-p
mr,FBgn0002791,mr
mrj,FBgn0034091,mrj
ms(2)34Fe,FBgn0261529,ms(2)34Fe
ms(2)35Ci,FBgn0011239,ms(2)35Ci
ms(3)76Ba,FBgn0036868,ms(3)76Ba
ms(3)76Cc,FBgn0036895,ms(3)76Cc
ms(3)K81,FBgn0002838,ms(3)K81
msb1l,FBgn0027949,msb1l
mtsh,FBgn0262598,mtsh
mud,FBgn0002873,mud
mus304,FBgn0002901,mus304
nSMase,FBgn0035421,nSMase
nbs,FBgn0261530,nbs
neb,FBgn0004374,neb
nesd,FBgn0032848,nesd
nht,FBgn0041103,nht
nmdyn-D7,FBgn0028997,nmdyn-D7
nonA-l,FBgn0015520,nonA-l
nsr,FBgn0034740,nsr
ntc,FBgn0035461,ntc
nudC,FBgn0021768,nudC
nxf4,FBgn0051501,nxf4
ocn,FBgn0041102,ocn
ohgt,FBgn0037780,ohgt
orb,FBgn0004882,orb
orb2,FBgn0264307,orb2
ord,FBgn0003009,ord
p-cup,FBgn0030840,p-cup
papi,FBgn0031401,papi
park,FBgn0041100,park
phtf,FBgn0028579,phtf
pim,FBgn0003087,pim
poly,FBgn0086371,Elp6
polyph,FBgn0033572,polyph
pont,FBgn0040078,pont
ppk10,FBgn0065110,ppk10
ppk6,FBgn0034489,ppk6
prage,FBgn0283741,prage
prominin-like,FBgn0026189,promL
psidin,FBgn0243511,psidin
pygo,FBgn0043900,pygo
qjt,FBgn0036730,qjt
qua,FBgn0003187,qua
r-cup,FBgn0031142,r-cup
rempA,FBgn0260933,rempA
rept,FBgn0040075,rept
rha,FBgn0027376,rha
rho-6,FBgn0032415,rho-6
rho-7,FBgn0033672,rho-7
rib,FBgn0003254,rib
rin,FBgn0015778,rin
rnh1,FBgn0023171,rnh1
robl22E,FBgn0028570,robl22E
robl37BC,FBgn0028569,robl37BC
robl62A,FBgn0028567,robl62A
rux,FBgn0003302,rux
sa,FBgn0002842,sa
salr,FBgn0000287,salr
salto,FBgn0061197,salto
saturn,FBgn0052141,saturn
schuy,FBgn0036925,schuy
scpr-A,FBgn0037889,scpr-A
scpr-B,FBgn0037888,scpr-B
scpr-C,FBgn0037879,scpr-C
sha,FBgn0003382,sha
shps,FBgn0286199,shps
sina,FBgn0003410,sina
sinah,FBgn0259794,sinah
sip1,FBgn0024191,sip1
sip2,FBgn0031878,sip2
sip3,FBgn0039875,sip3
sle,FBgn0037810,sle
slim,FBgn0261477,slim
slmb,FBgn0283468,slmb
sm,FBgn0003435,sm
snky,FBgn0086916,snky
sno,FBgn0265630,sno
sofe,FBgn0030242,sofe
soti,FBgn0038225,soti
sowi,FBgn0037460,sowi
spag,FBgn0015544,spag
spag4,FBgn0032368,spag4
spir,FBgn0003475,spir
spn-F,FBgn0086362,spn-F
squ,FBgn0267347,squ
ssh,FBgn0029157,ssh
ssp3,FBgn0032723,ssp3
ssp5,FBgn0037985,ssp5
ste24a,FBgn0034176,ste24a
ste24b,FBgn0034175,ste24b
ste24c,FBgn0050462,ste24c
stil,FBgn0003527,stil
stwl,FBgn0003459,stwl
sub,FBgn0003545,sub
sunn,FBgn0052088,sunn
sunz,FBgn0037462,sunz
sut3,FBgn0028561,sut3
sut4,FBgn0028560,sut4
swaPsi,FBgn0016974,swaΨ
t-cup,FBgn0051858,t-cup
tHMG1,FBgn0038978,tHMG1
tHMG2,FBgn0038979,tHMG2
tant,FBgn0028980,tant
tbrd-1,FBgn0039124,tbrd-1
tbrd-2,FBgn0034423,tbrd-2
tbrd-3,FBgn0050417,tbrd-3
tea,FBgn0285892,tea
tilB,FBgn0014395,tilB
tio,FBgn0028979,tio
toc,FBgn0015600,toc
tomb,FBgn0031715,tomb
tomboy20,FBgn0037828,tomboy20
tomboy40,FBgn0033074,tomboy40
topi,FBgn0037751,topi
tplus3a,FBgn0051702,tplus3a
tplus3b,FBgn0051703,tplus3b
tra2,FBgn0003742,tra2
trem,FBgn0038767,trem
ttm2,FBgn0035124,ttm2
ttm3,FBgn0032971,ttm3
tut,FBgn0052364,tut
twe,FBgn0002673,twe
twin,FBgn0011725,twin
unc,FBgn0003950,unc
und,FBgn0283478,und
upd1,FBgn0004956,upd1
vih,FBgn0264848,vih
vis,FBgn0033748,vis
vlc,FBgn0259978,vlc
vrs,FBgn0286507,vrs
w-cup,FBgn0032269,w-cup
wa-cup,FBgn0037502,wa-cup
wac,FBgn0035120,wac
wash,FBgn0033692,wash
wfs1,FBgn0039003,wfs1
whip,FBgn0250827,whip
yellow-k,FBgn0036504,yellow-k
yip3,FBgn0040063,yip3
ymp,FBgn0261287,ymp
yuri,FBgn0045842,yuri
